hru_id,lat_cen,lon_cen,AREA,elev_mean,aridity_Im,seasonalityOfAridity_Imr,annualSnowFraction_fs,clusters
1013500,47.01169,-68.56551,2303988086.78,277.493489583,0.75557697,0.4579893,0.35413405,2
1022500,44.79691,-68.07313,620387273.442,103.604200323,0.74598736,0.49819148,0.32758465,2
1030500,45.80527,-68.14985,3676154745.1,174.433895539,0.7497568,0.50892377,0.3154317,2
1031500,45.23568,-69.58119,766544703.216,304.743489583,0.7900663,0.43830726,0.37998676,2
1047000,44.98744,-70.16213,904956194.351,379.779977998,0.81057936,0.4102844,0.3813142,2
1052500,44.96168,-71.17197,396110305.204,646.073604061,0.80580294,0.36537477,0.35717902,2
1054200,44.31072,-71.05872,181328678.257,629.165745856,0.8221508,0.31401363,0.3576973,2
1055000,44.75157,-70.62632,251161408.945,565.888446215,0.8327322,0.3495393,0.37955412,2
1057000,44.3434,-70.60039,197698791.003,290.91959799,0.7768826,0.40033755,0.29705843,2
1073000,43.15747,-71.00569,32114577.3576,61.7741935484,0.67261463,0.44993284,0.21169075,2
1078000,43.56186,-71.89296,221863559.749,360.459090909,0.72276497,0.38124812,0.2785884,2
1118300,41.48743,-71.83983,13706662.8777,93.75,0.64161956,0.47068548,0.09654954,3
1121000,41.87382,-72.17296,94700903.7457,183.043956044,0.6542142,0.45019147,0.1409261,2
1123000,41.75061,-72.05134,84211107.4076,150.392857143,0.6542142,0.45019147,0.1409261,2
1134500,44.57153,-71.80225,209507313.944,535.540669856,0.80879456,0.34382203,0.36541998,2
1137500,44.25389,-71.47415,238325090.348,717.693617021,0.8327509,0.28372276,0.37786946,2
1139000,44.21836,-72.21213,259505080.28,416.471042471,0.7375767,0.3895859,0.27331117,2
1139800,44.09478,-72.36594,24916417.9805,545.125,0.7375767,0.3895859,0.27331117,2
1142500,44.00276,-72.66255,79908204.8406,405.9125,0.7402546,0.37692252,0.26983738,2
1162500,42.75409,-72.14154,77930555.0717,338.220779221,0.64856666,0.4241826,0.21014471,2
1169000,42.73597,-72.77633,233886855.274,437.119148936,0.69381046,0.40603107,0.2120582,2
1170100,42.79432,-72.70524,109261419.008,421.471698113,0.69381046,0.40603107,0.2120582,2
1181000,42.30441,-73.03143,245720934.039,435.056680162,0.67732984,0.43896693,0.21306507,2
1187300,42.07967,-72.9751,54220783.0444,386.309090909,0.66078395,0.43955424,0.2132035,2
1195100,41.32971,-72.54759,15956114.1373,60.4,0.6157092,0.46740264,0.08342492,3
1333000,42.63857,-73.23597,111501903.578,468.28440367,0.6861841,0.43337584,0.21339405,2
1350000,42.25692,-74.26812,614259794.848,653.024429967,0.7221381,0.3840384,0.2891201,2
1350080,42.39659,-74.3438,89575210.3479,579.096774194,0.7221381,0.3840384,0.2891201,2
1350140,42.44596,-74.53833,47570517.6669,570.4375,0.7214879,0.40010393,0.28553504,2
1365000,41.9147,-74.42639,102568103.076,621.51,0.63406265,0.460382,0.20726445,2
1411300,39.34938,-74.86063,79370071.1579,16.0975609756,0.5383005,0.51227987,0.0,3
1413500,42.20133,-74.55636,434003694.628,667.596330275,0.72150207,0.39975375,0.28561318,2
1414500,42.08086,-74.65448,67077180.6708,714.220588235,0.7213878,0.40257582,0.28498343,2
1415000,42.18552,-74.80096,86684278.5065,609.228915663,0.7213878,0.40257582,0.28498343,2
1423000,42.28871,-74.87784,861798417.65,593.92733564,0.7091125,0.40961653,0.2600952,2
1434025,42.01478,-74.48483,9896312.06211,893.444444444,0.71671724,0.38953304,0.283458,2
1439500,41.20994,-75.0974,306094634.44,385.624595469,0.6753506,0.42457286,0.19737498,2
1440000,41.21119,-74.79817,171566830.736,263.303571429,0.6594937,0.48257363,0.20591265,2
1440400,41.18775,-75.24309,178980860.924,423.122222222,0.6753506,0.42457286,0.19737498,2
1451800,40.6604,-75.68416,149111212.918,205.36,0.6381905,0.41232228,0.2000239,2
1466500,39.87334,-74.49062,6248756.45573,45.0,0.57234406,0.49605456,0.0,3
1484100,38.89235,-75.52798,9657244.74348,16.0,0.51870143,0.46303037,0.0,3
1485500,38.29482,-75.46888,112983158.055,12.8672566372,0.54273725,0.44049948,0.0,3
1486000,38.21674,-75.65106,15994160.2368,6.6,0.5094754,0.4483249,0.0,3
1487000,38.8002,-75.56216,187186106.184,14.1578947368,0.519844,0.4631701,0.0,3
1491000,39.07677,-75.70663,291805648.819,15.0824742268,0.5173257,0.42312214,0.0,3
1510000,42.68791,-75.80821,382931630.004,484.344736842,0.706911,0.469342,0.30385965,2
1516500,41.76926,-76.96981,31559512.891,530.4375,0.6311515,0.39339188,0.1728222,2
1518862,41.93231,-77.6206,234489445.18,606.673640167,0.6442055,0.40045184,0.24197227,2
1532000,41.66388,-76.6915,556695090.84,486.784313725,0.6335461,0.39395076,0.17373861,2
1539000,41.23694,-76.3416,705231987.754,404.009887006,0.64282674,0.41758254,0.18187469,2
1542810,41.6115,-78.2881,13578328.5429,555.461538462,0.6726509,0.4102581,0.18940128,2
1544500,41.58549,-77.72149,363084293.169,576.865546218,0.6428973,0.40171403,0.24022222,2
1545600,41.46426,-77.64025,123626576.137,565.023809524,0.62580127,0.42708212,0.2017116,2
1547700,41.04534,-77.74363,115192481.727,404.92920354,0.6190759,0.43841523,0.18761332,2
1548500,41.71098,-77.50991,1558005419.15,581.999357739,0.61447096,0.3967811,0.20020713,2
1549500,41.51403,-77.13671,98915263.2096,555.737373737,0.5983057,0.39721015,0.17002362,0
1550000,41.53137,-76.9518,456324596.588,529.750551876,0.61985487,0.39815542,0.17371856,2
1552000,41.4651,-76.60305,1129571081.29,511.527062999,0.6302157,0.4105108,0.18112749,2
1552500,41.37431,-76.46825,62057773.5793,548.081967213,0.639046,0.41687617,0.18232517,2
1557500,40.74115,-78.21291,117781988.484,491.398305085,0.6279888,0.4425218,0.21073906,2
1567500,40.38734,-77.44,39503808.9163,286.378378378,0.6222581,0.4673331,0.13661115,0
1580000,39.693,-76.53141,246968175.38,195.170731707,0.58714885,0.4373018,0.06932664,3
1583500,39.53296,-76.76289,163426268.521,167.845679012,0.5720285,0.44212884,0.05586928,3
1586610,39.48942,-77.01429,72809190.0539,215.718309859,0.5771522,0.46363544,0.024219852,3
1591400,39.30656,-77.06386,59609953.9105,171.45,0.58522207,0.45617336,0.0,3
1594950,39.28331,-79.41151,6104755.46381,847.666666667,0.68273205,0.3496703,0.13523035,2
1596500,39.63149,-79.05898,127509184.707,749.448818898,0.6769196,0.36850724,0.20456927,2
1605500,38.52689,-79.45611,474384867.642,870.905263158,0.65522873,0.37824753,0.08826677,3
1613050,39.92316,-78.16761,27962014.5027,393.464285714,0.600389,0.4502523,0.07069501,3
1620500,38.37592,-79.27321,61339485.3611,913.140625,0.601938,0.3992442,0.07074289,3
1632000,38.70073,-78.96078,547286614.258,605.693989071,0.5929126,0.38205686,0.021409102,3
1632900,38.5445,-78.72713,249206632.838,410.401606426,0.5639685,0.39066678,0.0,3
1634500,39.06919,-78.44939,264494916.568,441.780769231,0.56848615,0.4060678,0.010493021,3
1638480,39.2006,-77.67379,233835164.481,175.122362869,0.55878544,0.4403917,0.0,3
1639500,39.6456,-77.05279,267173151.362,193.505617978,0.5909914,0.49252057,0.07386893,3
1644000,38.99276,-77.80391,859599216.676,187.087108014,0.53881925,0.42557406,0.0,3
1658500,38.6079,-77.44194,23693404.3074,102.318181818,0.51336575,0.43823302,0.0,3
1664000,38.67616,-78.06367,1604664956.23,244.768224299,0.5407092,0.39562243,0.0,3
1666500,38.43387,-78.24173,466183566.846,266.173447537,0.55996424,0.40096122,0.0,3
1669000,37.86945,-76.96508,75314402.4682,30.8421052632,0.54328907,0.43229398,0.0,3
1669520,37.73868,-76.80353,277684100.378,29.0324909747,0.5423558,0.43699586,0.0,3
2011400,38.20913,-79.7187,409886628.683,816.078239609,0.66587347,0.4019092,0.07903721,3
2011460,38.28783,-79.75221,235863759.12,903.658333333,0.66587526,0.40190902,0.079038315,3
2013000,37.75112,-80.18125,436140984.234,691.887871854,0.5758401,0.42221424,0.0,3
2014000,37.59871,-80.21602,397255814.123,728.295165394,0.57846564,0.41539028,0.0,3
2015700,38.32088,-79.5311,286338595.071,800.263157895,0.6448642,0.4010333,0.076312274,3
2017500,37.46102,-80.31146,285793027.561,705.374125874,0.5944763,0.39255235,0.0,3
2027000,37.82809,-79.02662,241316842.293,554.959183673,0.544559,0.39966545,0.0,3
2027500,37.76551,-79.10871,127874923.801,626.11627907,0.551455,0.39706835,0.0,3
2028500,37.9313,-78.86402,246195629.821,428.404,0.5352191,0.40350118,0.0,3
2038850,37.43049,-78.66836,23801651.5127,205.291666667,0.5312828,0.43919033,0.0,3
2046000,37.09514,-77.73643,290882671.643,83.7147766323,0.54529464,0.4438489,0.0,3
2051000,37.05035,-78.37505,145106076.424,148.056737589,0.5400341,0.45967433,0.0,3
2053200,36.36082,-77.24109,581611695.663,19.0667808219,0.5496441,0.39931104,0.0,3
2053800,37.10785,-80.25445,288523921.622,706.610921502,0.60092914,0.3817578,0.0,3
2055100,37.43629,-79.93072,33335121.9873,439.352941176,0.54214734,0.3882589,0.0,3
2056900,37.06031,-80.00858,299463129.891,472.113712375,0.57648665,0.3838375,0.0,3
2059500,37.30298,-79.65126,486464640.882,336.322245322,0.5420702,0.388456,0.0,3
2064000,37.24936,-78.97491,427987131.669,208.20990566,0.5301795,0.4331427,0.0,3
2065500,37.21614,-78.76502,252752436.914,185.351778656,0.5312828,0.43919033,0.0,3
2069700,36.62832,-80.24892,228683935.486,452.769565217,0.6052681,0.34785154,0.0,3
2070000,36.66006,-80.07252,279274202.922,331.985611511,0.5991827,0.355731,0.0,3
2074500,36.6951,-79.60934,288797135.865,243.847222222,0.56630975,0.39827386,0.0,3
2077200,36.3001,-79.22655,126344657.224,190.341463415,0.55842835,0.43732166,0.0,3
2081500,36.30158,-78.71923,432826680.088,147.758064516,0.5493793,0.41882712,0.0,3
2082950,36.34491,-77.94634,461926825.348,88.5172413793,0.55427754,0.40939423,0.0,3
2092500,35.04197,-77.59285,435178972.238,25.9471264368,0.57249933,0.38235492,0.0,3
2096846,36.00844,-79.18314,19580373.962,222.947368421,0.5563355,0.42273405,0.0,3
2102908,35.15365,-79.20346,20061049.1775,98.9444444444,0.5472479,0.39738888,0.0,3
2108000,35.03089,-77.93157,1566834693.47,32.7281429483,0.5650961,0.37585336,0.0,3
2111180,36.15054,-81.51122,130872686.677,637.284615385,0.6485091,0.312486,0.0,3
2111500,36.27627,-81.27746,233352397.709,563.411255411,0.61821693,0.32646918,0.0,3
2112120,36.34773,-81.09049,329796212.11,527.905198777,0.6151374,0.32784033,0.0,3
2112360,36.40685,-80.89124,206820611.132,482.8,0.55544114,0.35442007,0.0,3
2118500,36.08394,-80.90133,400534723.969,359.4825,0.567587,0.34902063,0.0,3
2125000,35.39405,-80.35288,145076680.417,196.965753425,0.5352337,0.43104538,0.0,3
2128000,35.52624,-79.83953,271998550.271,218.682656827,0.5510753,0.39677188,0.0,3
2137727,35.63735,-82.17798,329306576.046,661.701219512,0.69623166,0.27051908,0.0,3
2140991,36.00279,-81.72571,522115378.496,632.095785441,0.6408913,0.32837123,0.0,3
2143000,35.66546,-81.57067,222108236.824,448.063063063,0.6002779,0.36230633,0.0,3
2143040,35.59558,-81.62254,68188558.4836,548.910447761,0.61360836,0.3548731,0.0,3
2149000,35.51801,-82.1143,203730283.722,476.614634146,0.67654914,0.30532914,0.0,3
2152100,35.54407,-81.75365,156680740.907,466.871794872,0.6100842,0.35866782,0.0,3
2177000,34.95726,-83.20273,527237715.473,763.699432892,0.7348163,0.35018033,0.0,3
2178400,34.95456,-83.53256,152124273.544,877.5,0.7412959,0.34810883,0.0,3
2193340,33.72247,-82.91338,89611854.0133,168.636363636,0.51134324,0.44952983,0.0,3
2196000,33.93154,-82.07636,1408728278.26,141.852377573,0.5195571,0.4650397,0.0,3
2198100,32.96411,-81.87391,79750791.3116,83.141025641,0.4721755,0.41298178,0.0,3
2202600,32.27786,-81.63132,623348639.725,35.2060702875,0.48853084,0.42012382,0.0,3
2212600,33.17211,-83.71004,189796987.916,152.457446809,0.51713794,0.47189105,0.0,3
2215100,32.28677,-83.68396,425519519.426,110.269767442,0.5165801,0.5145168,0.0,3
2216180,32.033,-83.02374,128084431.25,82.2777777778,0.5062857,0.5006911,0.0,3
2221525,33.35787,-83.63598,493289863.399,167.160569106,0.518298,0.47170064,0.0,3
2231000,30.39226,-82.25822,1857401206.73,38.2531030761,0.5588069,0.41752747,0.0,3
2231342,27.53918,-80.86047,193785283.183,21.4114583333,0.5010032,0.43892223,0.0,3
2235200,28.94932,-81.56596,300679635.808,21.6858108108,0.50084317,0.4038858,0.0,3
2245500,29.90454,-81.87821,351110668.954,36.2714285714,0.5358132,0.47359884,0.0,3
2246000,30.14773,-81.96393,451226996.227,32.6563876652,0.5553242,0.4549036,0.0,3
2296500,27.46053,-81.62867,892254069.57,27.3766816143,0.5007751,0.4547491,0.0,3
2297155,27.55556,-82.04248,97922382.3649,34.1958762887,0.47854552,0.46680582,0.0,3
2298123,27.11558,-81.64642,541305280.377,19.1512915129,0.5094059,0.47869003,0.0,3
2298608,27.40547,-82.13156,313855211.996,21.5819935691,0.4958822,0.48991665,0.0,3
2299950,27.54762,-82.14564,176805909.4,33.0224719101,0.47887546,0.46724564,0.0,3
2300700,27.76227,-82.31141,85851934.915,22.4285714286,0.4762655,0.46376643,0.0,3
2310947,28.29261,-81.86051,581557904.061,36.1729452055,0.4934441,0.39755955,0.0,3
2312200,28.52137,-81.99847,466713560.226,28.7645788337,0.5121088,0.4184196,0.0,3
2314500,30.96462,-82.48767,2808498813.29,41.543772242,0.55262405,0.46539816,0.0,3
2324400,30.1699,-83.41212,210247359.176,25.5358851675,0.5723954,0.46865734,0.0,3
2327100,30.22819,-84.5581,299936977.186,21.0067340067,0.62712514,0.43596178,0.0,3
2342933,32.0259,-85.41945,290045114.961,112.020477816,0.5821192,0.42989752,0.0,3
2349900,32.24049,-83.83836,124290914.639,109.303278689,0.5165877,0.5145174,0.0,3
2350900,32.06963,-84.50098,1365618553.36,140.629493764,0.5459595,0.4673441,0.0,3
2361000,31.5878,-85.4648,1779331143.65,115.224535734,0.59725505,0.42840642,0.0,3
2363000,31.86853,-85.65737,1292639522.79,137.30431433,0.61349624,0.42342418,0.0,3
2369800,31.08605,-86.66848,231140261.935,79.5418502203,0.6583847,0.39391968,0.0,3
2371500,31.86585,-85.98757,1257447749.4,135.314036479,0.6137584,0.43375182,0.0,3
2372250,31.85455,-86.26075,1145578105.23,136.955497382,0.61163175,0.445606,0.0,3
2374500,31.54226,-87.04522,458238696.577,116.963203463,0.64185107,0.39090672,0.0,3
2381600,34.58065,-84.44773,10332015.642,487.5,0.7227747,0.3611837,0.0,3
2384540,34.87645,-84.67944,22128448.0924,683.142857143,0.65853333,0.41499972,0.0,3
2395120,34.29213,-84.85154,85273255.2753,269.549450549,0.632816,0.41510084,0.0,3
2408540,33.0645,-86.10783,683870571.717,248.085545723,0.6254071,0.43344042,0.0,3
2415000,33.1761,-85.8773,491754849.773,284.87195122,0.62619126,0.4264616,0.0,3
2422500,32.80011,-86.8317,599962650.484,145.426666667,0.62333643,0.45213723,0.0,3
2427250,31.87034,-86.96174,680652672.393,97.75,0.62786394,0.41406974,0.0,3
2430085,34.47513,-88.24518,40728129.2939,150.487804878,0.63786924,0.5477024,0.0,3
2430615,34.40587,-88.33822,32519545.0043,146.451612903,0.63529915,0.5489071,0.0,3
2450250,34.34126,-87.43027,242698356.008,252.142259414,0.65366966,0.512863,0.0,3
2464000,33.65248,-87.61254,581797633.537,148.493955095,0.6257791,0.5023391,0.0,3
2464146,33.40951,-87.49377,15843529.1911,139.714285714,0.62242043,0.47211614,0.0,3
2464360,33.47046,-87.68256,148988265.691,114.527027027,0.61936706,0.4779788,0.0,3
2465493,32.96997,-87.52709,86620505.0011,110.340659341,0.60434073,0.46394688,0.0,3
2469800,31.81058,-87.90436,422889492.197,77.2635294118,0.6412435,0.41747543,0.0,3
2472000,32.04441,-89.44991,1927706040.94,116.744548287,0.64180744,0.43700475,0.0,3
2472500,31.58678,-89.65944,789462347.326,113.348600509,0.65265423,0.4146015,0.0,3
2479155,31.09826,-89.00637,138174881.616,65.4892086331,0.6566192,0.39446437,0.0,3
2479300,30.86789,-89.16585,1153440416.89,61.0574912892,0.6645504,0.36053738,0.0,3
2479560,31.15039,-88.38732,1455855607.57,65.3896907216,0.6668844,0.34053624,0.0,3
2481000,30.68013,-89.20747,250493447.362,48.1394422311,0.6620988,0.3566534,0.0,3
2481510,30.76983,-89.41421,801498770.88,66.0666666667,0.6605017,0.36343756,0.0,3
3010655,41.917,-78.05065,255123891.566,623.182170543,0.6647881,0.40742543,0.2041168,2
3011800,41.77314,-78.6213,101159129.843,633.069306931,0.68864924,0.41057485,0.2038457,2
3015500,41.92132,-79.50262,831402122.192,489.290516206,0.68228585,0.42349303,0.2105758,2
3021350,42.08496,-79.65858,249007346.281,485.067460317,0.6636534,0.51287043,0.22570235,2
3026500,41.66179,-78.60745,20326424.354,615.523809524,0.68864924,0.41057485,0.2038457,2
3028000,41.6411,-78.70014,166219159.181,597.085365854,0.68864924,0.41057485,0.2038457,2
3049000,40.85365,-79.69503,356449668.562,377.284507042,0.62185025,0.40529144,0.13150139,0
3049800,40.54501,-79.92033,15995820.5907,337.823529412,0.62185025,0.40529144,0.13150139,0
3050000,38.63665,-79.9917,489502228.663,868.042944785,0.730048,0.3295145,0.16624625,2
3066000,39.1121,-79.40344,225237202.135,1021.14035088,0.68269336,0.34969562,0.1351547,2
3070500,39.70254,-79.61803,518449760.085,609.338491296,0.6558858,0.3749818,0.08134669,3
3076600,39.63308,-79.32267,128328249.985,751.346456693,0.6836972,0.3600963,0.21863434,2
3078000,39.64484,-79.19674,165173295.378,788.915151515,0.6836972,0.3600963,0.21863434,2
3140000,40.41155,-81.82219,71312134.6824,305.776315789,0.6053187,0.43622163,0.12531072,0
3144000,40.22812,-82.20653,365106628.581,304.969863014,0.59381944,0.44844058,0.117867224,0
3159540,39.15754,-82.00967,400872784.518,251.396508728,0.5888047,0.41333723,0.072487414,3
3161000,36.2835,-81.56,533641676.993,1028.03932584,0.650569,0.31153512,0.0,3
3165000,36.6152,-80.88652,117503464.574,798.637931034,0.6388414,0.32562587,0.0,3
3170000,36.96028,-80.36053,800070399.924,757.817610063,0.60827595,0.35539958,0.0,3
3173000,37.15808,-80.94939,775858554.194,785.355584082,0.617179,0.38978222,0.030682456,3
3180500,38.60639,-79.7417,346491412.01,1055.53623188,0.74455523,0.3253002,0.2303515,2
3186500,38.32717,-80.2816,332119946.466,1069.04229607,0.7256212,0.35832644,0.15783426,2
3187500,38.26585,-80.36093,207997753.163,1073.86893204,0.7233947,0.35998014,0.155008,2
3213700,37.42337,-81.81715,2431417123.37,530.446046129,0.61175716,0.40514043,0.00965005,3
3237280,38.6753,-83.23609,33221594.0096,294.636363636,0.6039775,0.4668883,0.07028888,3
3237500,38.98767,-83.51467,1001433797.34,274.354291417,0.5930983,0.48328593,0.06942626,3
3238500,39.04821,-83.8235,564170306.222,288.035523979,0.59109604,0.49976483,0.06786043,3
3241500,39.75141,-83.73149,173481938.347,321.379310345,0.5813849,0.49807268,0.12009891,0
3280700,37.08573,-83.24657,158563969.791,465.75625,0.6025656,0.4813627,0.0,3
3281100,37.04821,-83.74724,425258055.578,377.825059102,0.62814647,0.42363763,0.0,3
3285000,37.50358,-84.59942,823303373.646,312.344660194,0.62600195,0.48351446,0.0,3
3291780,38.93342,-85.28097,71524041.8125,262.845070423,0.62223834,0.4536196,0.06889222,3
3300400,37.76492,-85.07018,1128560976.3,250.50931677,0.63060164,0.53947914,0.0,3
3338780,40.4083,-87.57334,691775069.462,218.84804631,0.5421422,0.453584,0.1680629,0
3340800,39.9127,-86.76077,363412201.318,264.726775956,0.5729128,0.5057988,0.06487456,3
3346000,39.26438,-87.91749,828751833.159,182.028880866,0.5515161,0.4991342,0.06342202,3
3357350,39.76604,-86.73865,26112311.1938,262.115384615,0.5735137,0.50658417,0.06121784,3
3364500,39.40363,-85.49655,242417794.98,278.09623431,0.617214,0.49897715,0.07853083,3
3366500,38.87915,-85.47663,762703711.396,242.873350923,0.6178346,0.46872762,0.06861875,3
3368000,39.09304,-85.44026,32490643.0028,260.09375,0.6200438,0.49670315,0.0707482,3
3384450,37.53076,-88.52769,112284035.644,191.72972973,0.56630987,0.54807955,0.0,3
3439000,35.20181,-82.89101,178186134.979,976.175141243,0.7765745,0.26832864,0.0,3
3450000,35.67619,-82.39731,14130886.2171,1215.33333333,0.69623166,0.27051908,0.0,3
3455500,35.34507,-82.93173,71469823.085,1453.98571429,0.7765745,0.26832864,0.0,3
3456500,35.4052,-82.82776,137329072.161,1239.2173913,0.7765745,0.26832864,0.0,3
3460000,35.61913,-83.12672,127620093.073,1233.34645669,0.6952,0.39815035,0.0,3
3463300,35.77672,-82.22239,113159756.42,1213.28571429,0.69623166,0.27051908,0.0,3
3471500,36.75424,-81.48407,198295369.242,902.535714286,0.6554848,0.34107357,0.044675346,3
3479000,36.21826,-81.76806,237773414.142,1035.37394958,0.6651554,0.30480188,0.0,3
3488000,36.97149,-81.52858,573764479.121,805.343103448,0.64082235,0.36506066,0.03498598,3
3498500,35.68465,-83.7414,700366406.805,628.498571429,0.6715966,0.47522458,0.0,3
3500000,35.02575,-83.38489,362470594.909,848.230769231,0.7660297,0.32074222,0.0,3
3500240,35.14094,-83.48454,148940399.363,892.598684211,0.7906169,0.29867202,0.0,3
3504000,35.07389,-83.55945,134558801.122,1197.80147059,0.77514595,0.31477368,0.0,3
3574500,34.87494,-86.20704,859232481.294,376.914918415,0.68097186,0.48504227,0.0,3
3592718,34.79907,-88.25998,67002320.3961,162.0,0.6641731,0.53537226,0.0,3
3604000,35.4039,-87.56998,1163375084.62,264.883361921,0.6844457,0.5065521,0.0,3
4015330,47.04074,-91.81157,225841557.172,377.122270742,0.59770286,0.36225307,0.21999753,2
4024430,46.49096,-92.35951,1094574964.69,326.518721461,0.49086544,0.3472894,0.18303934,0
4027000,46.34832,-90.65961,1547181299.42,398.523963731,0.54233354,0.41451946,0.21510349,0
4040500,46.57021,-88.40539,421659315.725,490.425531915,0.61267096,0.5234903,0.2726152,2
4043050,47.27758,-88.35696,76657521.2243,295.310810811,0.6594304,0.5178366,0.29348215,2
4045500,46.36934,-85.35636,1967476700.89,246.373536896,0.5979284,0.6154463,0.23019396,2
4056500,46.30359,-86.12346,2984088934.39,241.128978224,0.60935706,0.58769363,0.22970453,2
4057510,46.11331,-86.71963,491769669.614,242.141683778,0.64343274,0.57291216,0.2305236,2
4057800,46.53925,-87.90923,121984376.89,503.894308943,0.67887354,0.5602145,0.32492492,2
4059500,46.00745,-87.60948,1188839710.43,332.070219966,0.6162069,0.5491775,0.27115163,2
4063700,45.75714,-88.66187,371323105.908,470.851351351,0.5792914,0.46628946,0.22684346,2
4074950,45.44013,-88.9448,1216308755.07,487.813168724,0.5797865,0.4519783,0.22428781,2
4105700,42.42235,-85.34681,100886292.318,280.52,0.51988685,0.4976647,0.17940588,0
4115265,43.32061,-84.97807,96121884.3598,281.861702128,0.5295603,0.57582235,0.16550024,0
4122200,43.57678,-85.97828,1022763587.46,258.641601563,0.5728051,0.57802486,0.21693218,2
4122500,43.83757,-85.90229,1800667708.86,274.286111111,0.57982063,0.57515305,0.22416617,2
4124000,44.59585,-85.18064,2288768417.09,359.279790485,0.57719016,0.5593695,0.23270997,2
4127918,46.25035,-84.80878,602481440.563,241.011608624,0.64081657,0.6241724,0.25362507,2
4127997,45.17807,-84.66674,504199216.735,333.800395257,0.59661096,0.57235307,0.24102448,2
4161580,42.82868,-83.14737,66550499.2781,306.393939394,0.51169497,0.53311735,0.1879698,0
4185000,41.74268,-84.34039,1064235290.11,263.018779343,0.51308393,0.5138529,0.18084393,0
4196800,40.72635,-83.38813,608087642.997,269.258116883,0.53233314,0.48198926,0.1852656,0
4197100,41.00882,-82.89848,388907105.078,289.146529563,0.5644331,0.48230597,0.1902055,0
4197170,41.09424,-83.03923,95972357.9276,262.316326531,0.528341,0.5102964,0.19247797,0
4213000,41.82698,-80.42422,466140621.254,303.883116883,0.6293857,0.4921012,0.20151791,2
4213075,42.00196,-80.25421,11944868.6198,268.0,0.6223746,0.51949465,0.2209238,2
4216418,42.75192,-78.29011,196966214.618,465.671717172,0.6312921,0.4652713,0.26617327,2
4221000,42.04271,-77.83314,751800745.354,627.774365821,0.64709437,0.40432733,0.23738703,2
4224775,42.48247,-77.81241,232592867.502,494.712446352,0.62216187,0.40852123,0.20886369,2
4233000,42.33949,-76.56091,92628864.3044,374.591397849,0.6249387,0.3988943,0.16974622,2
4256000,43.80078,-75.13987,238283975.311,493.991525424,0.7239719,0.4723269,0.27895784,2
4296000,44.73579,-72.33451,301130245.604,385.735099338,0.7628632,0.38133574,0.281202,2
5056000,47.89041,-99.78578,5648201533.11,497.797663303,0.3331343,0.5315494,0.2057952,0
5057200,47.38532,-98.4633,1900432123.16,452.307894737,0.32909745,0.42142946,0.17622624,0
5062500,47.29279,-95.74421,2435955240.21,430.262510254,0.40793973,0.2796348,0.14358138,0
5087500,48.38709,-96.33644,720867448.534,325.842249657,0.380234,0.5213231,0.15457438,0
5120500,47.91088,-100.52493,1728841020.95,508.257672264,0.3166216,0.540208,0.2075853,0
5123400,48.70619,-100.02359,3220714594.88,529.234307023,0.38320884,0.60796005,0.22187427,0
5129115,47.93253,-92.49377,2373768052.12,432.207013097,0.5685201,0.4266509,0.21468528,0
5131500,47.89957,-93.04927,4344210389.53,409.834866605,0.51630014,0.41456103,0.20439114,0
5291000,45.3101,-96.82433,1058837773.15,419.022641509,0.35217318,0.20527454,0.1541115,4
5362000,45.46055,-90.42755,1494342007.45,451.836680054,0.57253504,0.42263854,0.20586367,0
5393500,45.44003,-90.10102,225959675.403,503.053097345,0.58782923,0.4312815,0.20720764,2
5399500,44.93566,-90.21284,578583165.128,422.125,0.5567153,0.42485118,0.1604589,0
5408000,43.7423,-90.57475,689803349.697,351.355907781,0.5149955,0.3320425,0.09489892,0
5412500,43.00549,-91.80977,4026247395.2,338.356929955,0.52752465,0.34307417,0.09818129,0
5413500,42.86026,-90.83821,710475979.111,298.033898305,0.5299295,0.41864398,0.11245867,0
5414000,42.86922,-90.57086,368718302.12,306.263586957,0.5331805,0.41648823,0.11208813,0
5444000,42.01625,-89.66494,377293487.227,253.466843501,0.55239207,0.46188453,0.1387116,0
5454000,41.72616,-91.43576,68408940.2149,244.885714286,0.4860913,0.3899166,0.1134004,0
5458000,43.34699,-92.67934,783466553.867,365.86928934,0.50808966,0.3231414,0.094080165,0
5466500,41.25057,-90.44661,1163877567.13,224.47386461,0.49653605,0.46241686,0.139044,0
5487980,41.07717,-93.48353,878098654.992,301.935227273,0.49303174,0.28733832,0.09433301,0
5488200,41.20208,-93.18416,234942197.443,276.554112554,0.48785794,0.2825256,0.0954642,0
5489000,41.05913,-93.01767,974949280.698,276.724489796,0.49001935,0.27361077,0.098058976,0
5495000,40.62587,-92.1206,1029880369.56,236.004863813,0.48785642,0.33198956,0.11711077,0
5495500,40.20244,-91.19345,885748060.207,199.718644068,0.4978377,0.39117393,0.13947435,0
5501000,39.81869,-91.85982,929876596.126,218.227712137,0.49490902,0.39651486,0.14256175,0
5503800,39.66386,-92.13309,212697358.484,235.688995215,0.5008681,0.3789307,0.13722636,0
5507600,39.3216,-91.66963,275865513.9,227.535055351,0.51918536,0.45342577,0.10441553,0
5508805,39.41802,-91.46657,536518715.895,218.05893186,0.50346285,0.45672727,0.11265835,0
5514500,39.11872,-91.31462,2410552742.91,221.377546778,0.49658075,0.46736088,0.09523123,0
5525500,40.56901,-87.69909,1158264597.47,217.42118863,0.53318983,0.4490364,0.16172807,0
5556500,41.55567,-89.29558,507094540.085,248.71031746,0.51830846,0.44143316,0.14180827,0
5584500,40.49562,-90.88143,1711920465.75,205.065268065,0.506726,0.42242002,0.14496055,0
5591550,39.50988,-88.43897,97124521.6578,209.642105263,0.53670454,0.5074254,0.099041276,0
5592050,39.47326,-88.88066,260928964.228,197.38697318,0.50861204,0.5108387,0.057256687,3
5592575,38.95564,-88.86565,116331229.15,178.264957265,0.5406857,0.53906316,0.057409257,3
5593575,38.38621,-89.3658,220519683.713,148.891402715,0.53880894,0.53555757,0.05871854,3
5593900,39.24096,-89.32379,145691842.168,203.265734266,0.49675298,0.5184933,0.05646108,3
5595730,38.33481,-89.10923,233332891.797,154.004291845,0.53880894,0.53555757,0.05871854,3
6037500,44.58498,-110.78422,1127597265.31,2408.53262787,0.3134467,0.6396759,0.42540225,5
6043500,45.19387,-111.22098,2120495989.09,2408.76334436,0.33212662,0.63884336,0.40893576,5
6154410,47.95907,-108.63415,47721428.1454,1321.97916667,0.1831896,0.2750801,0.14318532,6
6188000,44.90139,-110.10971,1730654633.36,2544.55889145,0.2861909,0.53573614,0.3701562,5
6221400,43.27801,-109.57356,231933434.898,3218.55172414,0.26012936,0.5300011,0.48282686,5
6224000,43.08602,-109.42326,485695443.141,3139.8447205,0.19405541,0.4081673,0.37013903,6
6278300,44.49079,-107.34573,59234696.3457,3055.84482759,0.1926249,0.23944004,0.24786961,6
6280300,44.02544,-109.66937,793864342.189,2903.78453739,0.26997277,0.49431276,0.4783325,5
6289000,44.88307,-107.70408,472407234.684,2416.14465409,0.1780321,0.23170415,0.26880166,6
6291500,45.03547,-107.7447,220726783.175,1950.98181818,0.16098928,0.22237775,0.16444223,6
6311000,44.09419,-107.08611,62961283.6034,2721.0483871,0.19829328,0.23004185,0.2532359,6
6332515,47.74909,-102.83901,191549037.12,715.056701031,0.22285731,0.44522247,0.15565975,6
6339100,47.27559,-103.00956,529571719.092,756.763157895,0.2177639,0.23917319,0.14501037,6
6344600,47.08057,-103.18072,408922928.899,820.110294118,0.21639419,0.235418,0.14725609,6
6350000,46.50567,-102.93482,1506220877.62,830.473823724,0.20721227,0.16392633,0.1368002,4
6352000,46.28588,-102.95035,1443161497.13,855.583391003,0.19894336,0.15387627,0.14096871,4
6360500,45.23328,-102.38514,12601702393.8,803.044769011,0.20578882,0.18278563,0.09284747,4
6404000,43.8806,-103.44596,151875851.02,1533.5620915,0.19487424,0.18811013,0.08112631,4
6408700,44.12793,-103.88571,27478861.7717,2006.48148148,0.21607165,0.21339309,0.15358315,6
6409000,44.0179,-103.8816,209410406.989,2022.69194313,0.21655984,0.20463692,0.16130693,6
6431500,44.30712,-103.92124,427983755.7,1784.75638051,0.21622403,0.21188885,0.15635163,6
6440200,43.86969,-101.9572,654710263.993,786.259484067,0.20066036,0.14916743,0.07731507,4
6447000,43.2028,-102.56251,12869699967.0,992.789657582,0.19272567,0.15427402,0.068259805,4
6447500,43.11077,-101.97741,793167999.834,1035.48280255,0.20352094,0.15353765,0.06699381,4
6453600,43.01527,-99.05098,2104369372.0,596.02661597,0.294432,0.21638429,0.06940044,4
6464500,43.11313,-100.25694,2924731951.28,764.725102319,0.24989796,0.17934313,0.06549463,4
6468170,47.58715,-99.58698,2833185306.39,511.839266831,0.32575923,0.49436766,0.19658306,0
6470800,46.53032,-98.14881,995671254.519,431.997983871,0.32736635,0.408331,0.17536621,6
6477500,43.83596,-98.52748,1533658646.35,470.287206266,0.29543293,0.21077809,0.07274619,4
6479215,45.26566,-97.14514,178100154.739,577.926136364,0.3306822,0.24150696,0.15324302,4
6601000,42.21661,-96.54116,453163913.871,411.25,0.38989025,0.25677964,0.08164008,4
6614800,40.48575,-105.87174,4104877.72944,3406.25,0.23215799,0.25816828,0.39913186,6
6622700,41.39968,-106.45331,101518247.077,2851.66666667,0.19170165,0.33199233,0.32480055,6
6623800,40.96984,-106.75427,188701780.863,2919.46632124,0.24483941,0.58219236,0.38870332,5
6632400,41.47127,-106.23563,165148767.08,2995.63855422,0.17774443,0.27337778,0.30410644,6
6746095,40.52941,-105.88476,9257479.51504,3283.77777778,0.21686149,0.22208703,0.3823981,6
6784000,41.3055,-99.71753,6386995613.11,788.455912294,0.28724042,0.21664275,0.062474933,4
6803510,40.95361,-96.7152,118284404.687,385.401709402,0.3550028,0.21638669,0.08096831,4
6803530,41.06547,-96.6707,309727747.325,394.555194805,0.3681119,0.2825991,0.08581902,4
6814000,40.08843,-96.2556,717301360.729,400.8454039,0.3661024,0.14849444,0.08451556,4
6847900,39.60205,-100.5942,1539193678.27,855.225260417,0.22000304,0.14961365,0.06858997,4
6853800,39.911,-98.46654,597202608.009,566.626043406,0.27744335,0.18136875,0.045182105,4
6876700,39.21838,-98.0959,1054070440.99,450.568311195,0.28809097,0.1507727,0.04075847,4
6878000,39.19349,-97.27578,777888972.979,404.344072165,0.3470659,0.16079146,0.02016178,4
6879650,39.09235,-96.57892,12510935.1752,394.133333333,0.3702353,0.19633946,0.019294389,4
6885500,39.77304,-96.31728,1075162095.28,402.952513966,0.36373687,0.15023904,0.05548408,4
6888500,38.95412,-96.31369,842537936.645,401.26713948,0.4093379,0.20640135,0.02033187,4
6889200,39.40967,-95.91898,406490528.412,356.821686747,0.40162402,0.20935929,0.030009575,4
6892000,39.34979,-95.18342,1091623591.16,317.557586837,0.43158433,0.21311611,0.030369472,4
6903400,40.91745,-93.44752,483011128.998,321.12526096,0.5120195,0.28034312,0.09609903,0
6906800,38.56512,-93.13386,1411986471.8,277.719373219,0.5046312,0.36188087,0.04048189,3
6910800,38.69901,-96.08729,444585009.97,390.898648649,0.41779664,0.21703379,0.021445945,4
6911900,38.78887,-95.97568,291334266.098,372.163265306,0.42360866,0.24332403,0.023862327,4
6917000,38.01957,-94.97615,767516877.627,304.428571429,0.47507083,0.3363814,0.011150474,3
6918460,37.2418,-93.73992,650770385.198,349.551617874,0.5460527,0.45271719,0.0,3
6919500,37.64113,-93.99149,1069869437.56,289.859795729,0.53984624,0.41963524,0.014675799,3
6921070,37.46792,-93.18724,716892147.951,362.29707113,0.51321715,0.434821,0.0,3
6921200,37.68839,-93.18296,328764648.882,324.2,0.500671,0.40331724,0.0,3
6934000,37.57759,-92.2172,8267677513.16,350.254266005,0.51677793,0.46138704,0.004392757,3
7014500,37.81983,-91.3531,3851255034.08,321.016380655,0.5464429,0.47953892,0.009725911,3
7056000,35.93055,-93.11556,2147772710.7,452.575361643,0.53113925,0.5261253,0.0,3
7057500,36.85725,-92.10894,1456489521.23,324.52137931,0.51545805,0.52530515,0.0,3
7060710,36.04117,-92.28132,152359213.813,298.476510067,0.5095661,0.5436753,0.0,3
7066000,37.0933,-91.65536,1050679963.49,339.455323194,0.54251665,0.49683267,0.0,3
7071500,36.85366,-91.54155,2030337647.27,289.782480315,0.5282668,0.54590684,0.0,3
7083000,39.15028,-106.45968,66281505.182,3562.87692308,0.28345975,0.492314,0.46152347,5
7142300,37.68284,-99.2974,1923430675.45,676.478917231,0.2232537,0.1438098,0.0,4
7145700,37.37125,-97.5656,400651859.928,401.99751861,0.32212532,0.1725494,0.0,4
7148400,37.10984,-99.03979,2560537335.8,554.194520548,0.24222644,0.15097825,0.0,4
7149000,37.38117,-98.84362,2263974599.58,554.31460177,0.25620702,0.13806659,0.0,4
7151500,37.39766,-98.08738,2111834323.1,463.92745377,0.2940991,0.15657277,0.0,4
7167500,37.67957,-96.37992,321130838.448,381.681388013,0.42520902,0.24980715,0.0,4
7180500,38.13105,-96.77742,275782676.134,436.208029197,0.37781647,0.20193316,0.0,4
7184000,37.4319,-94.91913,514828860.885,280.949612403,0.5074642,0.41872498,0.0,3
7195800,36.28178,-94.40074,38576518.7864,403.815789474,0.5174214,0.44452107,0.0,3
7196900,35.88244,-94.42183,106547536.289,403.349056604,0.5107048,0.46276227,0.0,3
7208500,36.39679,-105.12278,159695279.739,2885.31707317,0.2566141,0.22926651,0.1436497,4
7226500,36.02758,-103.84928,5245940286.76,1636.95447619,0.13258748,0.143517,0.007874356,4
7261000,35.41851,-92.25418,455948193.587,215.522123894,0.50552607,0.589968,0.0,3
7263295,34.89321,-92.84509,119082750.847,235.694915254,0.5272893,0.58186996,0.0,3
7290650,31.93773,-90.55026,1694644307.48,93.055062167,0.6203799,0.4685522,0.0,3
7291000,31.65003,-90.71334,482234700.647,122.783057851,0.6228416,0.48252627,0.0,3
7295000,31.17087,-91.18492,466885728.828,82.8877118644,0.6406641,0.45164728,0.0,3
7299670,34.36296,-99.96767,830727573.072,500.616945107,0.19595994,0.119342126,0.0,4
7301410,35.51673,-100.36455,773729822.117,800.072632944,0.2002186,0.11655753,0.0,4
7315200,33.6511,-98.12063,502713073.133,300.833333333,0.2604511,0.28349495,0.0,4
7315700,34.24329,-97.72738,1491435150.05,286.504377104,0.25579378,0.33374932,0.0,4
7335700,34.64761,-94.5461,104134545.977,454.704761905,0.578982,0.57745725,0.0,3
7340300,34.42473,-94.17029,252137714.588,393.64940239,0.6159145,0.6090892,0.0,3
7346045,33.01187,-94.52671,963179068.139,107.391078838,0.5386454,0.60822517,0.0,3
7359610,34.44378,-93.70034,342439420.628,300.580645161,0.6024224,0.6062826,0.0,3
7362100,33.38465,-92.98727,996758150.586,71.5447236181,0.5739624,0.6012726,0.0,3
7362587,34.80462,-92.99225,70918246.9748,347.138888889,0.5403851,0.5812749,0.0,3
7373000,31.57295,-92.48152,134290796.053,55.1692307692,0.62896264,0.5431673,0.0,3
7375000,30.77443,-90.26352,253301543.964,58.869047619,0.650327,0.36542442,0.0,3
7376000,30.87905,-90.65774,649888083.968,72.3061538462,0.64326227,0.39176223,0.0,3
8013000,31.22562,-92.94477,1300209043.26,76.3100775194,0.62619597,0.52100986,0.0,3
8014500,30.94477,-92.98258,1325048584.27,60.3574115877,0.628598,0.46641022,0.0,3
8023080,32.04207,-93.85781,198912468.262,83.0757575758,0.56617475,0.58610445,0.0,3
8025500,31.42961,-93.4347,382750773.297,89.7057291667,0.6124151,0.5438462,0.0,3
8029500,30.9381,-93.84996,384219216.66,92.6919060052,0.6139546,0.47714898,0.0,3
8050800,33.62622,-96.98462,109211282.569,236.140186916,0.38165367,0.472689,0.0,3
8066200,30.83703,-94.90495,374878438.555,80.6766304348,0.5845251,0.47221455,0.0,3
8066300,30.60494,-94.77758,390797746.987,66.7525773196,0.5884382,0.46508175,0.0,3
8070000,30.58203,-95.29394,844715640.315,89.3428912784,0.52598554,0.48012194,0.0,3
8079600,33.24262,-101.85858,3512319980.06,941.525,0.13850224,0.14928068,0.0,4
8082700,33.27999,-99.58218,276840861.786,448.48,0.20174389,0.18491642,0.0,4
8086212,32.52923,-99.29992,1590129031.67,485.808564232,0.23877579,0.1811708,0.0,4
8086290,32.47544,-99.05131,733388669.52,455.199175824,0.24744058,0.20141089,0.0,4
8101000,31.50683,-98.15253,1184516649.55,378.947368421,0.3022382,0.3267458,0.0,4
8103900,30.91032,-98.11479,86263243.9405,375.908045977,0.29494962,0.34587014,0.0,4
8104900,30.66586,-97.97121,347913993.567,339.745614035,0.30194378,0.33895066,0.0,4
8109700,30.41359,-97.11498,621676995.588,140.237942122,0.33167166,0.38108733,0.0,4
8150800,30.46542,-99.1282,562139284.025,557.687719298,0.23343566,0.16979156,0.0,4
8155200,30.25722,-98.0296,241487686.834,331.0125,0.30890107,0.34544435,0.0,4
8158700,30.1453,-98.12048,321119744.874,371.318885449,0.31389347,0.36046493,0.0,4
8158810,30.16947,-97.97222,33737315.8348,319.485714286,0.29917264,0.31617457,0.0,4
8164000,29.30441,-97.01247,2120746099.61,76.0824305228,0.34299588,0.3484965,0.0,4
8164300,29.64917,-96.91521,865394144.825,100.071925754,0.36192572,0.40419832,0.0,4
8164600,28.95038,-96.96964,264075355.729,38.6188679245,0.35062397,0.29809693,0.0,4
8165300,30.05147,-99.5509,439984498.046,660.66893424,0.20109963,0.15266894,0.0,4
8171300,30.04894,-98.31502,1073941980.54,399.810584958,0.30914244,0.33261672,0.0,4
8175000,29.31199,-97.66095,1425291601.4,108.006315789,0.30702493,0.29988173,0.0,4
8176900,28.95212,-97.44086,925545871.665,92.2034632035,0.31868342,0.2819867,0.0,4
8178880,29.81589,-99.31528,851577263.922,552.062279671,0.21116665,0.15124479,0.0,4
8189500,28.51445,-97.6094,1816539186.04,71.5771334792,0.29610574,0.2566207,0.0,4
8190000,29.79795,-100.02904,1923160781.28,586.512767066,0.16258588,0.16660112,0.0,4
8190500,29.78435,-100.34543,1800693804.29,613.911960133,0.15462826,0.1760622,0.0,4
8194200,27.75367,-99.10959,1233462598.73,158.411860276,0.1522735,0.15758082,0.0,4
8195000,29.77502,-99.72608,1009896722.3,596.778109453,0.17211142,0.15467763,0.0,4
8196000,29.61316,-99.85071,344491186.476,561.403458213,0.17103243,0.15469213,0.0,4
8198500,29.63586,-99.5361,640770094.126,492.031007752,0.17942257,0.15277448,0.0,4
8200000,29.6567,-99.29425,249166008.974,472.303643725,0.21422656,0.1509755,0.0,4
8202700,29.54658,-99.3681,430697793.302,424.908466819,0.20234993,0.14799973,0.0,4
8267500,36.57883,-105.4843,96835450.6831,3158.24242424,0.2118214,0.2709707,0.2489025,6
8269000,36.46765,-105.41104,163286866.982,2923.32926829,0.25806037,0.24578865,0.17557214,6
8271000,36.51731,-105.46379,46391507.7987,3184.63829787,0.2385169,0.2944454,0.27865443,6
8324000,35.89207,-106.67371,1222219504.66,2590.58953393,0.21134934,0.40012053,0.19245563,6
8377900,35.8574,-105.56471,139087038.612,3109.81428571,0.20051423,0.26701865,0.16026312,6
8380500,35.72501,-105.43926,199617133.269,2648.57286432,0.1891419,0.20654316,0.096041426,4
9034900,39.74828,-105.90659,21395752.5615,3529.13636364,0.23945883,0.28736168,0.4108784,6
9035800,39.81809,-105.98585,22912281.4248,3283.72727273,0.24216779,0.32841015,0.42227328,6
9035900,39.73013,-106.0091,71669554.9532,3359.52777778,0.24608487,0.38776526,0.43875006,5
9047700,39.56378,-105.94456,24371107.2571,3257.25,0.23945883,0.28736168,0.4108784,6
9065500,39.63208,-106.22102,37808068.7081,3371.94871795,0.24989356,0.4454781,0.45477092,5
9066000,39.57866,-106.23261,32628904.6596,3249.5625,0.24989356,0.4454781,0.45477092,5
9066200,39.67954,-106.31259,16124840.1948,3310.375,0.24989356,0.4454781,0.45477092,5
9066300,39.67818,-106.35886,15677968.4159,3132.375,0.24989356,0.4454781,0.45477092,5
9081600,39.10714,-107.18846,436883264.66,3097.38443936,0.32826334,0.7374552,0.4657259,5
9107000,38.95066,-106.62829,331775242.425,3328.94817073,0.30728626,0.64421976,0.49699622,5
9210500,42.18357,-110.54558,398503355.463,2482.11221945,0.20902166,0.659889,0.41108996,5
9223000,42.23443,-110.72223,333857768.008,2575.6,0.22033437,0.68323374,0.42381302,5
9306242,39.89544,-108.54592,87706557.8943,2269.97752809,0.18461886,0.6498245,0.2979302,5
9312600,39.94972,-111.04445,198563676.948,2497.84422111,0.2569347,0.71738446,0.47718155,5
9352900,37.59993,-107.53186,187744647.055,3455.23560209,0.31999603,0.6483501,0.4360515,5
9378170,37.83662,-109.4215,21992434.3149,2631.79166667,0.12013038,0.5674248,0.19239053,6
9378630,37.78335,-109.4679,11601057.5996,2558.91666667,0.12013038,0.5674248,0.19239053,6
9386900,35.32126,-108.47239,186229052.936,2412.88108108,0.112585224,0.22496346,0.122225955,4
9404450,37.41291,-112.586,195917510.542,2213.69072165,0.14110525,0.54118454,0.22206967,6
9430500,33.34026,-108.18896,4809579858.8,2268.65771393,0.15361454,0.27972776,0.0,4
9430600,33.2252,-108.59094,190680257.504,2360.92021277,0.1597257,0.31081325,0.0,4
9447800,33.14117,-109.69413,777154810.557,1594.47164948,0.12711588,0.30132812,0.0,4
9480000,31.42516,-110.58471,269191641.238,1546.02631579,0.1330184,0.28929588,0.0,4
9484000,32.38747,-110.77781,98652779.2815,1807.9375,0.09968799,0.246754,0.0,4
9484600,31.86758,-110.6011,1240154253.17,1401.32255457,0.1149368,0.24390738,0.0,4
9492400,33.86829,-109.70757,120272488.493,2567.825,0.1369479,0.27290908,0.0,4
9497800,34.04412,-110.50846,751787902.466,1756.07968127,0.14084542,0.41186678,0.0,4
9497980,34.03231,-110.88509,516827866.117,1689.68593449,0.1551117,0.47388083,0.0,4
9505200,34.70001,-111.51264,287445654.304,1994.6366782,0.12809552,0.42215452,0.0,4
9505350,34.82415,-111.61534,369895241.139,1870.26541555,0.12941809,0.3951854,0.0,4
9505800,34.59887,-111.42759,624727315.344,2020.96656051,0.13012032,0.445061,0.0,4
9508300,34.17229,-111.58172,97861794.3428,1485.26041667,0.15142801,0.4485553,0.0,4
9510200,33.81381,-111.47289,428195303.288,1147.45260664,0.13572282,0.47208852,0.0,4
9512280,33.95865,-111.8852,190657137.338,1149.68947368,0.11268351,0.35926837,0.0,4
9513780,34.01047,-111.98727,190976207.815,1153.01515152,0.12414423,0.37326196,0.0,4
10023000,41.5837,-111.34368,147451476.565,2230.56462585,0.19212472,0.6515556,0.43208438,5
10166430,40.52187,-112.33161,2534535958.48,1614.08040993,0.21084031,0.6693537,0.27635035,5
10172700,39.93514,-112.35858,259824167.533,2029.73745174,0.18932684,0.63826644,0.27919063,5
10172800,40.50197,-112.57788,76513210.215,2205.58441558,0.15493685,0.56477445,0.16273588,6
10173450,37.62724,-112.69434,281686544.672,2780.67615658,0.12395786,0.33942476,0.24935995,6
10205030,38.97347,-111.52384,150918072.788,2622.78231293,0.13495371,0.37301567,0.26314026,6
10234500,38.28442,-112.43792,238369523.186,2802.59414226,0.1304745,0.29322505,0.21196477,6
10242000,37.70364,-113.19201,1903417407.68,1936.22356021,0.12189301,0.34183776,0.23054765,6
10244950,39.23253,-114.67992,28924328.9076,2712.93333333,0.13962825,0.42349684,0.27711135,6
10249300,38.78975,-117.13061,609007333.684,2069.21558872,0.117801934,0.4979255,0.3714827,5
10258000,33.80652,-116.60202,75713035.5148,1455.84810127,0.18112683,0.7100214,0.0,7
10258500,33.65134,-116.5111,285406187.561,1168.28125,0.13698988,0.5540756,0.0,7
10259000,33.76269,-116.59863,23657464.569,1362.23076923,0.18112683,0.7100214,0.0,7
10259200,33.56089,-116.3596,284581382.033,1192.71530249,0.04205477,0.21864855,0.0,4
10263500,34.42903,-117.74868,310255563.377,1480.08544304,0.2628004,0.80872375,0.0,7
10310500,39.11748,-119.84657,47654209.8849,1983.66,0.19648123,0.7934255,0.33952257,5
10316500,40.62362,-115.39398,90877362.5295,2714.34065934,0.1690488,0.682107,0.4516557,5
10329500,41.64141,-117.4187,513848550.44,1907.44660194,0.123798616,0.6802041,0.34229058,5
10336645,39.02197,-120.16849,20093583.5,2216.31578947,0.4099706,0.895053,0.28765646,5
10336660,39.09663,-120.20516,32456531.7716,2216.9,0.40019256,0.89298284,0.34726542,5
10336740,39.05474,-119.91651,7941523.76551,2301.875,0.19648123,0.7934255,0.33952257,5
10343500,39.42957,-120.27148,27336565.5746,2188.48275862,0.40019256,0.89298284,0.34726542,5
10348850,39.33875,-119.89175,22372211.6859,2539.63636364,0.19648123,0.7934255,0.33952257,5
10396000,42.64567,-118.73118,969592649.478,1815.57731959,0.13926579,0.72094506,0.32530165,5
11098000,34.25045,-118.14938,46668514.41,1066.2826087,0.2503389,0.7970023,0.0,7
11124500,34.65655,-119.78728,192512866.677,1001.20526316,0.33150047,0.80567294,0.0,7
11141280,35.27825,-120.52704,56053846.4608,562.462962963,0.24644317,0.74780667,0.0,7
11143000,36.24347,-121.68131,121322526.523,770.221311475,0.53493404,0.8997474,0.0,9
11148900,35.90448,-121.27133,386024582.635,564.238461538,0.37150708,0.8510307,0.0,7
11151300,36.26131,-120.8604,648423748.917,608.739599384,0.28620297,0.84759545,0.0,7
11162500,37.25977,-122.21675,119204047.587,340.366666667,0.29776135,0.8397393,0.0,7
11176400,37.4268,-121.5492,336782793.812,750.994029851,0.2571573,0.85150915,0.0,7
11180500,37.62082,-122.00207,27026030.9973,245.166666667,0.23561314,0.8204523,0.0,7
11180960,37.76372,-122.05706,17993894.8306,242.761904762,0.23953421,0.7940991,0.0,7
11224500,36.2753,-120.53071,325246238.481,797.464396285,0.2518628,0.8266261,0.0,7
11230500,37.34034,-118.86777,142192937.52,3207.23239437,0.35234952,0.84006035,0.7509687,8
11237500,37.18005,-119.16989,65206894.5875,2377.53225806,0.28390443,0.85534555,0.0,7
11253310,36.39478,-120.51718,235924181.076,681.594936709,0.24240035,0.818336,0.0,7
11264500,37.70889,-119.42502,472306667.471,2731.96367521,0.34319207,0.85881805,0.4106501,5
11274500,37.28551,-121.2949,530173795.91,439.069418386,0.20307018,0.83345693,0.0,7
11274630,37.44805,-121.34566,284394253.289,547.280141844,0.20307018,0.83345693,0.0,7
11284400,37.81537,-120.14274,41705013.5297,966.785714286,0.2581264,0.876266,0.0,7
11299600,37.99671,-120.61621,41116490.2973,424.523809524,0.19745094,0.82184464,0.0,7
11381500,40.23865,-121.67376,341301971.081,1200.00887574,0.5541497,0.9338155,0.0,9
11383500,40.15139,-121.61053,634095972.489,1168.12302839,0.52463204,0.92617744,0.0,9
11451100,39.19985,-122.72945,155471803.497,911.987012987,0.4478067,0.9150005,0.0,7
11468500,39.43312,-123.56776,273605809.572,283.590405904,0.557979,0.92578554,0.0,9
11473900,39.78906,-123.0736,1930441446.74,1117.92507804,0.57157797,0.93037,0.0,9
11475560,39.71402,-123.60395,16873276.7441,863.736842105,0.68658626,0.9357271,0.0,9
11476600,40.31625,-124.02728,72285226.153,492.657142857,0.8276302,0.9415904,0.0,9
11478500,40.42245,-123.63329,574988826.125,929.217013889,0.72486895,0.9389533,0.0,9
11480390,40.19288,-123.24386,243154701.938,1124.44628099,0.6624983,0.93649745,0.0,9
11481200,41.02266,-123.99714,106845243.967,313.875,0.73691505,0.93579906,0.0,9
11482500,41.06113,-123.89077,724010078.634,567.165075034,0.7328539,0.93597615,0.0,9
11522500,41.29337,-123.19039,1946341131.07,1292.87641026,0.6145278,0.9318728,0.0,9
11523200,41.22828,-122.64033,385086063.247,1623.57480315,0.5675771,0.9205944,0.0,9
11528700,40.47025,-123.23007,1982579596.34,1125.04828974,0.6458635,0.93443364,0.0,9
11532500,41.82748,-123.86791,1590193696.08,762.08040201,0.72444403,0.93225414,0.0,9
12010000,46.46081,-123.6762,142606100.636,279.430555556,0.87075114,0.85050243,0.0,9
12013500,46.56312,-123.55386,340705661.282,209.863905325,0.8700621,0.8544339,0.0,9
12020000,46.50506,-123.30769,296747972.67,388.25,0.83121943,0.8725378,0.0,9
12025000,46.63222,-122.70713,410923563.678,284.386308068,0.7585645,0.88856834,0.0,9
12025700,46.7305,-122.53443,105485095.044,605.148148148,0.7887807,0.88523835,0.0,9
12035000,47.22589,-123.46073,768996417.086,225.66319896,0.878216,0.8221538,0.0,9
12040500,47.64279,-124.00019,1155734753.49,478.894691036,0.9554415,0.7216971,0.0,9
12041200,47.81638,-123.90702,662489101.979,733.103915663,0.95074606,0.7332656,0.0,9
12043000,47.97022,-124.17418,348412529.929,440.04,0.96339005,0.7064816,0.0,9
12048000,47.89068,-123.1907,408235737.283,1269.54987835,0.888851,0.7946086,0.0,9
12054000,47.66744,-123.18342,178974084.239,1053.76136364,0.88857675,0.79508626,0.0,9
12056500,47.55524,-123.37884,147554936.161,1004.33561644,0.88617766,0.7979807,0.0,9
12073500,47.42608,-122.70479,15820013.6637,101.142857143,0.71263456,0.87335837,0.0,9
12082500,46.74625,-121.90131,360085039.437,1155.82739726,0.8761775,0.88214564,0.26029146,1
12092000,46.86965,-121.90561,241133151.609,1403.53361345,0.87770635,0.88269085,0.28870097,1
12095000,47.08944,-121.98308,233354169.052,622.770212766,0.79139405,0.83030164,0.0,9
12114500,47.31609,-121.49688,66571284.5523,1078.32835821,0.8246186,0.8533583,0.15928644,1
12115500,47.3286,-121.64408,43342202.0745,963.465116279,0.87225294,0.8200413,0.0,9
12117000,47.36518,-121.78525,45219585.4728,661.255319149,0.87225294,0.8200413,0.0,9
12141300,47.51573,-121.48327,404085706.581,1068.04197531,0.8232858,0.8434079,0.19527154,1
12143600,47.41115,-121.54207,165048040.908,993.26035503,0.8391865,0.8431691,0.11057235,1
12145500,47.48509,-121.88298,83890020.1509,440.130952381,0.8604614,0.8204892,0.0,9
12147500,47.74545,-121.67296,105382165.32,771.60952381,0.82291234,0.82191557,0.0,9
12147600,47.70613,-121.5639,16065852.1942,951.9375,0.82291234,0.82191557,0.0,9
12167000,48.30477,-121.79333,691891391.137,657.429190751,0.82233506,0.80135435,0.0,9
12175500,48.57632,-121.03261,274052748.613,1575.3442029,0.830231,0.7978772,0.6239515,8
12178100,48.61417,-121.21905,72597966.5487,1290.11267606,0.8519184,0.7856102,0.6240318,8
12186000,48.0522,-121.33279,398642012.937,1167.68261965,0.83675975,0.8249304,0.58240044,8
12358500,48.33106,-113.52549,2917030346.32,1729.76659822,0.39499092,0.5469984,0.34276184,5
12374250,47.79958,-114.77652,53297860.3089,1464.61538462,0.29906985,0.8002968,0.38445562,5
12375900,47.51015,-113.95571,19728035.0233,1868.85714286,0.30033216,0.6135327,0.32522124,5
12377150,47.33686,-113.92516,32390101.5134,2128.65625,0.24709675,0.56351453,0.31185815,5
12381400,47.13612,-113.79674,148952778.202,1828.60135135,0.24709675,0.56351453,0.31185815,5
12383500,47.13778,-113.92311,17699380.4519,1923.66666667,0.24709675,0.56351453,0.31185815,5
12388400,47.24214,-114.39995,76557478.3092,1572.7012987,0.23511787,0.6812486,0.27645984,5
12390700,47.54662,-115.51775,469739774.452,1356.16772824,0.4647951,0.8564542,0.4624443,8
12411000,47.88082,-116.20144,866120102.147,1202.90804598,0.54379046,0.8653845,0.34278598,1
12414500,47.20179,-115.73029,2660415935.2,1387.41550621,0.49589786,0.857148,0.42737398,8
12447390,48.87455,-120.17706,58399375.4104,1957.87719298,0.6395772,0.82528824,0.5776743,8
12451000,48.39009,-120.85942,830333301.511,1528.58645707,0.7714884,0.8432597,0.6363547,8
12488500,46.91894,-121.37304,206113257.02,1483.15165877,0.7812785,0.89248997,0.5475376,8
13011500,43.988,-110.35561,405212478.092,2469.091133,0.29298595,0.6137734,0.4073504,5
13011900,43.87215,-110.10773,848011300.626,2742.33884298,0.27815318,0.5750704,0.42058885,5
13018300,43.44024,-110.65675,29472368.4924,2544.86666667,0.2557106,0.70017177,0.43934774,5
13023000,42.90541,-110.73945,1163742159.15,2468.38242894,0.25147116,0.6920456,0.43853816,5
13083000,42.15317,-114.11027,181854520.17,1994.89830508,0.12918995,0.42157534,0.25446713,6
13161500,41.7042,-115.55631,990358977.892,2043.49243189,0.1632334,0.6710691,0.41770807,5
13235000,44.14179,-115.30613,1158492402.31,2093.44540728,0.2791195,0.7960722,0.5541936,5
13240000,44.95118,-115.92988,126018049.189,2131.3968254,0.30225977,0.8044398,0.46009156,5
13310700,44.74935,-115.71912,854760487.113,1935.78873239,0.29959613,0.8039687,0.46340936,5
13313000,44.74458,-115.50648,564967643.138,2182.05114638,0.28888237,0.7816333,0.49292204,5
13331500,45.32122,-117.57786,619116823.682,1748.0557377,0.23386617,0.7615125,0.2814274,5
13337000,46.41229,-114.95985,3052721546.62,1594.98135427,0.28442407,0.77134985,0.36474407,5
13338500,45.85533,-115.78348,3025703344.64,1397.35175381,0.32338873,0.801762,0.36960608,5
13340600,46.70034,-115.27194,3354672306.43,1461.88832638,0.3563795,0.8204286,0.39761654,5
14020000,45.69477,-118.18835,343467830.95,1207.14121037,0.2637155,0.8190684,0.22588935,5
14092750,44.74743,-121.70809,64916085.8268,1460.56923077,0.703434,0.89475715,0.28251234,1
14096850,45.03435,-121.46096,384275551.021,935.4933687,0.56566715,0.8977551,0.20529543,1
14137000,45.30801,-121.87651,676455308.325,999.869242199,0.7972757,0.8940846,0.24890073,1
14138800,45.43958,-121.87952,21833903.6793,1009.95454545,0.79433703,0.8969049,0.28993556,1
14138870,45.4718,-121.9875,15341431.6171,882.3125,0.79919946,0.8922383,0.22203785,1
14138900,45.53408,-122.01723,21990596.1006,829.47826087,0.84561336,0.8961114,0.026463198,9
14139800,45.44413,-122.01432,41212797.474,786.0,0.8069348,0.8848146,0.11402468,1
14141500,45.41544,-122.04301,60329873.7847,725.639344262,0.80853945,0.88327456,0.09161724,9
14154500,43.66204,-122.71525,549577802.099,851.73540146,0.65105665,0.9070229,0.0,9
14158500,44.39672,-122.00186,122905919.896,1178.90983607,0.6348615,0.9013125,0.21516804,1
14158790,44.36002,-122.07449,40765467.9517,1225.85714286,0.70359814,0.91146654,0.0,9
14166500,44.10252,-123.45066,238142307.559,255.894957983,0.7057773,0.91704494,0.0,9
14182500,44.82652,-122.34103,292899386.473,799.469178082,0.79238945,0.89483935,0.13111125,1
14185000,44.37924,-122.31802,449695761.422,883.191011236,0.70362014,0.9114679,0.0,9
14185900,44.58919,-122.31096,258386182.149,917.573076923,0.80013776,0.8937038,0.14462061,1
14187000,44.32938,-122.53038,137760285.176,718.215827338,0.72106254,0.91255945,0.0,9
14216500,46.21386,-122.01595,349923849.783,929.870317003,0.8780053,0.8940911,0.13241987,1
14222500,45.80792,-122.28502,329055185.68,559.149390244,0.84817356,0.8927051,0.0,9
14236200,46.605,-122.28922,364498136.035,660.379501385,0.8621701,0.8771505,0.0,9
14301000,45.86674,-123.39198,1745227416.1,357.693149108,0.8382366,0.87295276,0.0,9
14303200,45.3237,-123.53069,8074802.82379,646.4,0.8197486,0.8803002,0.0,9
14305500,44.81731,-123.71999,526423213.171,397.574952562,0.8059067,0.8943332,0.0,9
14306340,44.26003,-123.60289,14756227.9185,507.5,0.77232,0.9032256,0.0,9
14308990,42.79438,-123.04089,171309553.208,909.360946746,0.48142695,0.9166842,0.0,7
14309500,42.83017,-123.74216,226314346.471,737.623893805,0.68218064,0.9168528,0.0,9
14316700,43.4529,-122.64677,588025032.966,947.553082192,0.60576546,0.90373176,0.011210393,9
14325000,42.79249,-124.02763,444925650.66,649.241610738,0.74391204,0.9069184,0.0,9
14362250,42.16583,-123.12535,43877900.7796,939.577777778,0.47097772,0.92201555,0.0,7
14400000,42.23303,-124.00527,703386532.103,668.427350427,0.7543822,0.91734123,0.0,9
