latoutlet,lonoutlet,areaUSGS,latdiff,londiff,latind,lonind,areaup
47.23739,-68.58264,2252.7,0.04988999999999777,0.020139999999997826,5.0,4.0,827.95
44.60797,-67.93524,573.6,0.045470000000001676,0.002260000000006812,0.0,3.0,626.7
45.50097,-68.30596,3676.17,0.06152999999999764,0.0065400000000011005,2.0,3.0,4884.6
45.17501,-69.3147,769.05,0.012489999999999668,0.002200000000001978,2.0,4.0,825.95
44.8692,-69.9551,909.1,0.056699999999999307,0.017600000000001614,1.0,4.0,9957.83
44.87739,-71.05749,383.82,0.06011000000000166,0.005009999999998627,1.0,3.0,994.62
44.39044,-70.97964,180.98,0.04706000000000188,0.0421400000000034,2.0,3.0,4171.81
44.64275,-70.58878,250.64,0.04475000000000051,0.02627999999999986,1.0,2.0,252.41
44.30399,-70.53968,190.92,0.008510000000001128,0.022819999999995844,1.0,2.0,229.08
43.1487,-70.96506,31.3,0.038800000000001944,0.027559999999994034,1.0,2.0,453.06
43.56646,-71.74786,222.46,0.003959999999999297,0.060360000000002856,1.0,3.0,2552.97
41.47482,-71.83424,10.36,0.03732000000000113,0.021739999999994097,0.0,1.0,782.57
41.84371,-72.16897,70.25,0.031210000000001514,0.01852999999999838,1.0,1.0,411.1
41.67177,-72.0523,77.85,0.0157299999999978,0.010199999999997544,1.0,1.0,364.45
44.51172,-71.83731,195.13,0.050780000000003156,0.02481000000000222,1.0,1.0,199.99
44.26867,-71.63036,228.55,0.043829999999999814,0.057140000000003965,2.0,0.0,326.45
44.15034,-72.06509,246.33,0.03716000000000008,0.0025899999999978718,1.0,3.0,7064.43
44.09284,-72.33565,22.8,0.030340000000002476,0.023150000000001114,1.0,1.0,112.82
43.93451,-72.65788,82.17,0.0029899999999969396,0.029619999999994207,1.0,1.0,310.16
42.68259,-72.11508,49.71,0.0049100000000024124,0.052580000000006066,1.0,1.0,498.2
42.63842,-72.72509,230.64,0.04907999999999646,0.03758999999999446,1.0,2.0,242.81
42.70342,-72.67065,106.99,0.015920000000001266,0.01685000000000514,0.0,2.0,242.81
42.23731,-72.89565,243.5,0.0498100000000008,0.04184999999999661,0.0,2.0,257.19
42.03732,-72.93899,53.92,0.02517999999999887,0.0014900000000039881,1.0,1.0,118.38
41.30593,-72.5312,14.84,0.0065700000000035175,0.03130000000000166,1.0,1.0,197.21
42.70897,-73.19677,112.16,0.021470000000000766,0.009270000000000778,1.0,2.0,541.72
42.31953,-74.43654,612.51,0.007030000000000314,0.0009600000000062892,2.0,1.0,698.28
42.37703,-74.41292,83.84,0.060470000000002244,0.02458000000000027,1.0,0.0,1070.11
42.42897,-74.47293,43.76,0.00853000000000037,0.03543000000000518,1.0,2.0,1070.11
41.86648,-74.4871,99.57,0.053980000000002804,0.04959999999999809,0.0,1.0,280.71
39.30694,-74.82056,79.32,0.005560000000002674,0.0080600000000004,1.0,1.0,158.7
42.14481,-74.65349,424.1,0.04269000000000034,0.03400999999999499,2.0,0.0,481.53
42.1062,-74.73043,64.45,0.04370000000000118,0.04292999999999836,1.0,1.0,624.82
42.12009,-74.81849,85.63,0.05758999999999759,0.005989999999997053,0.0,1.0,815.86
42.1662,-75.13989,859.68,0.021299999999996544,0.047610000000005925,1.0,1.0,284.93
41.99537,-74.50099,9.7,0.0578700000000012,0.0615099999999984,0.0,0.0,174.32
41.08815,-75.03767,305.88,0.02564999999999884,0.024829999999994357,1.0,2.0,9889.84
41.10667,-74.95222,167.72,0.04417000000000115,0.014719999999996958,0.0,1.0,9500.83
41.08481,-75.21462,175.21,0.022309999999997387,0.02711999999999648,0.0,2.0,372.49
40.66176,-75.62685,135.84,0.025739999999998986,0.06064999999999543,1.0,1.0,110.73
39.885,-74.50528,5.38,0.05250000000000199,0.05722000000000094,1.0,0.0,248.21
38.90578,-75.51275,9.0,0.03171999999999997,0.04975000000000307,1.0,1.0,107.41
38.22892,-75.47144,141.54,0.04142000000000223,0.03394000000000119,0.0,1.0,786.79
38.21389,-75.67139,11.18,0.026389999999999247,0.016109999999997626,1.0,1.0,140.37
38.72833,-75.56186,187.41,0.0408299999999997,0.0006400000000041928,0.0,1.0,551.26
38.99719,-75.78581,292.04,0.05969000000000335,0.0266900000000021,0.0,1.0,490.96
42.54118,-75.89964,382.99,0.021320000000002892,0.0378599999999949,1.0,1.0,503.94
41.79091,-77.01469,31.48,0.02159000000000333,0.047809999999998354,1.0,0.0,691.03
41.92313,-77.53193,233.91,0.01436999999999955,0.03056999999999732,1.0,2.0,280.42
41.70702,-76.48467,553.94,0.019519999999999982,0.04716999999999416,2.0,4.0,20785.28
41.07814,-76.43106,701.78,0.015639999999997656,0.006439999999997781,1.0,2.0,151.51
41.57895,-78.29251,13.62,0.016449999999998965,0.019990000000007058,0.0,1.0,224.86
41.4759,-77.82582,355.06,0.038400000000002876,0.013319999999993115,0.0,1.0,471.55
41.38951,-77.69082,120.0,0.047989999999998645,0.00332000000000221,1.0,1.0,115.82
41.05951,-77.60583,113.54,0.0029899999999969396,0.043329999999997426,1.0,3.0,1540.44
41.52174,-77.44748,1557.05,0.0407599999999988,0.009979999999998768,1.0,4.0,1567.98
41.47368,-77.23081,97.49,0.036180000000001655,0.04331000000000529,1.0,1.0,165.86
41.41841,-77.03275,452.68,0.019089999999998497,0.02975000000000705,1.0,1.0,508.55
41.32508,-76.91246,1129.49,0.012579999999999814,0.02504000000000417,1.0,1.0,1247.91
41.35702,-76.53467,60.64,0.04451999999999856,0.02782999999999447,0.0,0.0,161.74
40.68367,-78.23362,115.3,0.003830000000000666,0.04612000000000194,1.0,1.0,481.37
40.37092,-77.40221,38.77,0.05841999999999814,0.035290000000003374,0.0,1.0,235.02
39.62997,-76.40331,244.37,0.05752999999999986,0.03418999999999528,1.0,3.0,273.56
39.51078,-76.6765,155.85,0.0517200000000031,0.01099999999999568,1.0,2.0,466.13
39.45189,-76.95531,72.7,0.014389999999998793,0.017809999999997217,1.0,2.0,409.43
39.25597,-77.05106,59.09,0.05653000000000219,0.011439999999993233,1.0,1.0,114.15
39.27669,-79.39031,6.12,0.0358099999999979,0.04719000000000051,1.0,1.0,132.87
39.57006,-79.10194,124.65,0.007559999999998013,0.03943999999999903,1.0,1.0,299.14
38.63567,-79.33782,463.85,0.051830000000002485,0.02531999999999357,3.0,3.0,586.82
39.89842,-78.13223,27.9,0.03907999999999845,0.05526999999999305,1.0,1.0,84.25
38.33763,-79.24004,44.74,0.02512999999999721,0.05253999999999337,0.0,2.0,188.47
38.63706,-78.8528,543.36,0.05044000000000182,0.040300000000002,2.0,3.0,824.68
38.69345,-78.64279,245.05,0.0059499999999985675,0.04470999999999492,3.0,2.0,1335.11
39.08122,-78.32945,263.98,0.018720000000001846,0.016949999999994247,2.0,3.0,396.64
39.25455,-77.57638,232.0,0.05794999999999817,0.013880000000000337,2.0,3.0,25118.5
39.61236,-77.23744,267.18,0.04986000000000246,0.049940000000006535,0.0,1.0,284.92
39.01955,-77.57749,859.17,0.0429499999999976,0.014989999999997394,2.0,5.0,28086.39
38.58734,-77.4286,19.34,0.02483999999999753,0.008899999999997021,0.0,1.0,54.38
38.53068,-77.8136,1605.1,0.03182000000000329,0.0010999999999938836,1.0,5.0,1651.76
38.32513,-78.09556,463.15,0.012630000000001473,0.033060000000006085,1.0,4.0,1188.37
37.87708,-76.90052,71.84,0.060420000000000584,0.03697999999999979,2.0,1.0,200.49
37.63375,-76.69635,277.39,0.05375000000000085,0.008849999999995362,1.0,3.0,321.19
38.04235,-79.88144,407.72,0.020150000000001,0.05606000000000222,1.0,0.0,682.98
38.2454,-79.76866,156.34,0.05789999999999651,0.04384000000000299,0.0,1.0,188.83
37.8029,-80.047,424.78,0.009599999999998943,0.015500000000002956,3.0,3.0,237.11
37.72901,-80.04228,396.78,0.04151000000000238,0.020219999999994798,3.0,4.0,414.95
38.1954,-79.57032,285.41,0.007899999999999352,0.007819999999995275,1.0,1.0,549.23
37.50624,-80.10671,276.15,0.05626000000000175,0.044210000000006744,2.0,4.0,762.66
37.71542,-78.98169,240.77,0.02792000000000172,0.044190000000000396,0.0,2.0,908.87
37.70236,-79.02752,123.34,0.014859999999998763,0.03498000000000445,1.0,2.0,228.36
37.86959,-78.82335,245.45,0.057090000000002306,0.010850000000004911,0.0,2.0,440.44
37.41542,-78.63584,22.0,0.022080000000002542,0.05165999999999826,1.0,1.0,238.15
37.06709,-77.60249,288.52,0.004590000000000316,0.03999000000000308,1.0,3.0,356.88
36.99737,-78.34972,144.82,0.05986999999999654,0.037220000000004916,0.0,2.0,371.01
36.37083,-77.02556,583.66,0.058329999999997995,0.036940000000001305,1.0,4.0,560.75
37.14013,-80.26643,280.72,0.0473700000000008,0.04607000000000028,2.0,2.0,317.77
37.41763,-79.93532,30.54,0.01986999999999739,0.00217999999999563,1.0,1.0,117.23
37.04514,-79.8442,298.11,0.01735999999999649,0.03170000000000073,1.0,3.0,486.37
37.1732,-79.52031,485.41,0.014299999999998647,0.04219000000000506,1.0,3.0,510.24
37.12681,-78.95974,427.77,0.06069000000000102,0.022239999999996485,1.0,2.0,424.42
37.07931,-78.76362,252.58,0.016809999999999548,0.048879999999996926,0.0,1.0,384.52
36.57097,-80.12949,221.13,0.008470000000002642,0.0580099999999959,1.0,2.0,235.65
36.56819,-79.98726,270.61,0.005690000000001305,0.049760000000006244,1.0,3.0,383.94
36.61958,-79.50419,288.53,0.05707999999999913,0.05831000000000586,0.0,2.0,4928.04
36.39778,-79.19667,121.69,0.03972000000000264,0.009169999999997458,2.0,2.0,317.38
36.19417,-78.58306,428.37,0.006669999999999732,0.020560000000003242,1.0,3.0,606.3
36.18333,-77.87611,460.85,0.0041700000000020054,0.06139000000000294,1.0,2.0,1136.81
35.06417,-77.46139,447.58,0.0016699999999971737,0.023889999999994416,2.0,3.0,687.94
35.98722,-79.20611,19.57,0.04972000000000065,0.018609999999995352,0.0,1.0,91.02
35.18278,-79.1775,19.73,0.004719999999998947,0.010000000000005116,1.0,1.0,758.7
34.82889,-77.83222,1569.48,0.016390000000001237,0.01972000000000662,1.0,4.0,1804.87
36.07139,-81.40306,131.47,0.008890000000000953,0.03444000000000358,1.0,2.0,493.36
36.175,-81.16889,233.66,0.012500000000002842,0.018609999999995352,1.0,2.0,1380.52
36.25028,-81.04444,322.27,0.062220000000003495,0.018060000000005516,1.0,2.0,354.06
36.31139,-80.80722,205.3,0.0011099999999970578,0.005279999999999063,1.0,2.0,911.82
36.00056,-80.74556,400.53,0.061939999999999884,0.05805999999999756,1.0,4.0,178.35
35.33472,-80.33556,144.55,0.022219999999997242,0.02306000000000097,1.0,1.0,282.13
35.38722,-79.83139,273.48,0.05028000000000077,0.018889999999998963,1.0,2.0,279.56
35.68583,-82.06028,329.54,0.0016699999999971737,0.0022199999999941156,2.0,2.0,475.08
35.83361,-81.71194,521.99,0.021110000000000184,0.024439999999998463,0.0,2.0,2695.17
35.68444,-81.40333,216.67,0.0030599999999978422,0.03417000000000314,1.0,3.0,230.88
35.59069,-81.56704,66.48,0.028190000000002158,0.004540000000005762,1.0,2.0,94.98
35.42345,-82.1115,203.85,0.014049999999997453,0.049000000000006594,1.0,2.0,341.17
35.49306,-81.68222,154.99,0.05555999999999983,0.005279999999999063,0.0,2.0,335.49
34.81398,-83.30599,526.77,0.001480000000000814,0.006510000000005789,1.0,1.0,745.5
34.89037,-83.53044,151.28,0.04713000000000278,0.03206000000000131,1.0,1.0,175.94
33.68263,-82.85792,87.87,0.004869999999996821,0.04541999999999291,1.0,2.0,722.44
33.7293,-82.18179,1408.38,0.04180000000000206,0.0057099999999934425,0.0,2.0,16197.86
32.93766,-81.81539,79.49,0.0001600000000010482,0.00288999999999362,1.0,2.0,142.68
32.16798,-81.48817,590.47,0.019519999999999982,0.05066999999999666,1.0,3.0,7588.26
33.09985,-83.72351,187.96,0.03735000000000355,0.03601000000000454,0.0,1.0,648.01
32.23944,-83.50167,420.29,0.051940000000001874,0.06082999999999572,1.0,3.0,403.61
31.99139,-82.92194,129.11,0.053889999999999105,0.015559999999993579,0.0,2.0,290.04
33.25236,-83.48128,490.8,0.060139999999996974,0.043779999999998154,1.0,3.0,742.7
30.35885,-82.0815,1748.37,0.046350000000000335,0.019000000000005457,2.0,4.0,707.13
27.56865,-80.79617,111.56,0.006150000000001654,0.016329999999996403,1.0,2.0,191.09
28.87453,-81.48938,297.7,0.06203000000000003,0.05187999999999704,0.0,3.0,910.23
29.97941,-81.85204,348.43,0.041910000000001446,0.03954000000000235,2.0,2.0,311.83
30.1133,-81.90649,451.06,0.050799999999998846,0.031009999999994875,2.0,2.0,476.9
27.37504,-81.79647,886.4,0.062460000000001514,0.016030000000000655,2.0,1.0,2668.23
27.48726,-82.02342,93.6,0.04975999999999914,0.03907999999999845,0.0,1.0,146.93
27.052,-81.78453,540.65,0.010500000000000398,0.027969999999996276,1.0,0.0,392.8
27.34366,-82.15676,312.34,0.031159999999999854,0.03073999999999444,1.0,1.0,452.88
27.47365,-82.2112,174.27,0.03614999999999924,0.02370000000000516,0.0,1.0,220.8
27.79197,-82.35204,73.84,0.020530000000000825,0.03954000000000235,1.0,1.0,1094.63
28.31195,-82.05591,649.56,0.0005500000000004945,0.00659000000000276,2.0,1.0,1001.72
28.57277,-82.15536,413.48,0.010269999999998447,0.03213999999999828,2.0,1.0,1954.09
30.68056,-82.56056,3322.15,0.006940000000000168,0.0019400000000047157,2.0,4.0,5102.6
30.09827,-83.47181,176.27,0.03576999999999941,0.03431000000000495,0.0,1.0,208.64
30.12937,-84.49435,271.12,0.05812999999999846,0.05684999999999718,1.0,2.0,300.29
32.01766,-85.29577,290.1,0.04484000000000066,0.01672999999999547,2.0,2.0,422.31
32.19556,-83.90222,122.87,0.0080600000000004,0.0352800000000002,1.0,1.0,213.39
31.76444,-84.25333,1365.12,0.04805999999999955,0.059169999999994616,1.0,4.0,1444.65
31.34295,-85.61049,1781.61,0.030449999999998312,0.047989999999998645,1.0,2.0,1849.24
31.59489,-85.783,1292.51,0.032389999999999475,0.02949999999999875,0.0,1.0,1443.69
31.02768,-86.70996,227.51,0.03481999999999985,0.02245999999999526,1.0,1.0,219.15
31.5735,-86.25162,1292.79,0.010999999999999233,0.06087999999999738,1.0,0.0,1472.85
31.59627,-86.40552,1145.22,0.03377000000000052,0.03198000000000434,1.0,1.0,1323.7
31.4185,-86.98664,445.72,0.01899999999999835,0.04913999999999419,1.0,2.0,482.53
34.57037,-84.46882,10.32,0.007869999999996935,0.0313199999999938,1.0,1.0,61.52
34.87202,-84.72133,21.37,0.05951999999999913,0.0338299999999947,0.0,1.0,110.68
34.24278,-84.88972,84.01,0.055280000000003326,0.04778000000000304,0.0,0.0,4447.23
32.91679,-86.27025,682.41,0.020710000000001116,0.04224999999999568,1.0,0.0,716.06
33.06679,-85.87913,491.38,0.0042899999999974625,0.05836999999999648,1.0,1.0,704.66
32.58291,-86.9036,527.55,0.020409999999998263,0.033900000000002706,0.0,1.0,600.69
31.99626,-87.06832,675.24,0.05875999999999948,0.005819999999999936,2.0,1.0,675.26
34.46667,-88.28361,40.56,0.029170000000000584,0.02889000000000408,1.0,0.0,303.52
34.3925,-88.355,28.71,0.045000000000001705,0.04250000000000398,1.0,1.0,303.52
34.28538,-87.39891,231.83,0.02711999999999648,0.038589999999999236,1.0,1.0,230.42
33.47928,-87.59723,578.94,0.041780000000002815,0.03472999999999615,0.0,2.0,897.76
33.41345,-87.51056,15.82,0.02405000000000257,0.051940000000001874,1.0,0.0,897.76
33.42484,-87.64251,148.62,0.012659999999996785,0.04498999999999853,1.0,1.0,151.13
32.99735,-87.62223,83.42,0.059849999999997294,0.05973000000000184,1.0,1.0,78.54
31.74432,-88.02251,422.68,0.056819999999998316,0.03999000000000308,0.0,1.0,49215.9
31.70694,-89.40694,1927.13,0.019439999999999458,0.030559999999994147,1.0,3.0,2019.16
31.42583,-89.41472,789.94,0.011669999999998737,0.022779999999997358,1.0,4.0,1554.23
31.02528,-89.01667,137.28,0.03722000000000136,0.04582999999999515,1.0,1.0,339.67
30.73611,-88.78111,1144.2,0.04861000000000004,0.031390000000001805,0.0,6.0,309.15
30.80908,-88.45863,1454.33,0.0034199999999984243,0.021129999999999427,1.0,2.0,1471.53
30.55861,-89.12194,249.23,0.0038899999999983947,0.05943999999999505,1.0,3.0,646.46
30.48361,-89.27444,800.66,0.04610999999999876,0.03806000000000154,0.0,3.0,184.88
41.96173,-78.19807,254.44,0.02423000000000286,0.0105700000000013,1.0,1.0,475.72
41.76645,-78.71864,100.1,0.046050000000001035,0.031139999999993506,1.0,1.0,128.69
41.85256,-79.31727,784.85,0.040059999999996876,0.004769999999993502,1.0,4.0,9092.29
42.01533,-79.78255,239.67,0.047170000000001266,0.029949999999999477,1.0,0.0,163.18
41.63117,-78.57669,20.31,0.056330000000002656,0.014189999999999259,1.0,1.0,82.71
41.57534,-78.69225,161.11,0.012839999999997076,0.004750000000001364,1.0,2.0,235.64
40.7159,-79.69949,357.15,0.02839999999999776,0.01198999999999728,0.0,2.0,29405.69
40.52035,-79.93811,14.89,0.042149999999999466,0.0006099999999946704,1.0,1.0,177.36
38.80927,-79.88173,487.29,0.0032300000000020646,0.055769999999995434,3.0,2.0,639.6
39.12705,-79.46838,222.79,0.060450000000003,0.030879999999996244,2.0,1.0,225.83
39.61564,-79.70477,517.38,0.05313999999999908,0.017269999999996344,1.0,1.0,3247.89
39.65614,-79.39411,127.4,0.03135999999999939,0.04339000000000226,2.0,0.0,1022.11
39.70219,-79.13639,161.48,0.014690000000001646,0.051109999999994216,2.0,1.0,154.71
40.36285,-81.86236,70.35,0.05035000000000167,0.04985999999999535,0.0,1.0,7855.82
40.13257,-82.14792,363.41,0.05492999999999881,0.03958000000000084,1.0,2.0,355.94
39.06369,-81.8818,400.85,0.0011900000000011346,0.05570000000000164,1.0,2.0,1646.35
36.39333,-81.40694,527.86,0.04417000000000115,0.030559999999994147,3.0,3.0,569.46
36.64596,-80.91924,102.0,0.04153999999999769,0.018259999999997945,2.0,1.0,3105.22
37.03763,-80.55672,794.64,0.024869999999999948,0.005780000000001451,3.0,1.0,6984.66
37.26818,-80.70951,773.32,0.04431999999999903,0.022009999999994534,3.0,5.0,8755.43
38.54373,-79.83312,345.06,0.018770000000003506,0.020619999999993865,1.0,1.0,385.16
38.379,-80.48397,329.68,0.05850000000000222,0.046469999999999345,2.0,1.0,676.16
38.29539,-80.52648,207.41,0.0171100000000024,0.0360199999999935,2.0,0.0,905.17
37.67316,-82.28014,2425.06,0.014339999999997133,0.03235999999999706,5.0,1.0,2692.23
38.64369,-83.21574,32.95,0.04381000000000057,0.028239999999996712,1.0,1.0,1171.42
38.80368,-83.42102,1003.21,0.00882000000000005,0.016480000000001382,1.0,3.0,1041.26
38.85813,-83.92854,568.5,0.045630000000002724,0.008960000000001855,0.0,1.0,182342.42
39.72284,-83.88271,170.91,0.03533999999999793,0.05478999999999701,0.0,0.0,618.9
37.16509,-83.30796,158.22,0.022410000000000707,0.004540000000005762,2.0,1.0,758.43
37.15203,-83.7602,422.72,0.03546999999999656,0.052300000000002456,3.0,1.0,485.5
37.64202,-84.66078,822.34,0.045479999999997744,0.026719999999997412,3.0,2.0,1059.44
38.87811,-85.25718,71.41,0.0593900000000005,0.05531999999999471,1.0,1.0,128.24
37.83284,-85.29607,1128.58,0.02033999999999736,0.016429999999999723,3.0,0.0,1419.49
40.26531,-87.6428,691.56,0.04719000000000051,0.04470000000000596,1.0,1.0,695.66
39.81255,-86.9539,357.65,5.000000000165983e-05,0.01640000000000441,1.0,1.0,482.31
39.01004,-87.94559,814.69,0.052460000000003504,0.008089999999995712,1.0,1.0,814.31
39.76171,-86.72945,7.75,0.050789999999999225,0.04194999999999993,1.0,1.0,308.36
39.27477,-85.70165,237.09,0.03773000000000337,0.014150000000000773,1.0,1.0,416.85
38.80422,-85.67386,755.22,0.008279999999999177,0.013639999999995212,2.0,1.0,803.42
39.07033,-85.48608,29.72,0.00782999999999845,0.04858000000000118,1.0,1.0,145.78
37.47227,-88.54727,111.13,0.034770000000001744,0.01523000000000252,0.0,1.0,198.27
35.14333,-82.82472,178.67,0.04417000000000115,0.012219999999999231,1.0,2.0,359.32
35.65306,-82.40528,14.08,0.03443999999999647,0.03221999999999525,1.0,0.0,48.82
35.39611,-82.9375,72.95,0.041389999999999816,0.0,2.0,1.0,300.97
35.46167,-82.86972,133.43,0.024169999999998026,0.05722000000000094,2.0,1.0,303.07
35.6675,-83.07361,127.02,0.020000000000003126,0.011110000000002174,2.0,2.0,1231.8
35.83151,-82.18429,112.16,0.019010000000001526,0.0032099999999957163,1.0,1.0,133.73
36.76039,-81.63123,198.16,0.05210999999999899,0.05626999999999782,2.0,0.0,476.18
36.23917,-81.82222,235.6,0.05167000000000144,0.009720000000001505,1.0,1.0,254.91
36.89678,-81.74623,578.21,0.04072000000000031,0.05872999999999706,1.0,1.0,570.04
35.78562,-83.8846,696.76,0.02687999999999846,0.05289999999999395,3.0,1.0,971.07
35.15,-83.37972,361.14,0.03750000000000142,0.05777999999999395,3.0,1.0,869.68
35.15889,-83.39417,145.86,0.02861000000000047,0.043329999999997426,2.0,2.0,869.68
35.1275,-83.61861,134.52,0.060000000000002274,0.05611000000000388,2.0,1.0,37.89
34.62425,-86.30637,813.8,0.061750000000003524,0.006129999999998859,0.0,1.0,1091.4
34.83556,-88.28806,66.99,0.02306000000000097,0.024439999999998463,1.0,1.0,210.15
35.49591,-87.8328,1163.03,0.05841000000000207,0.02030000000000598,2.0,1.0,1131.01
46.94688,-91.7924,224.35,0.009380000000000166,0.02009999999999934,1.0,1.0,299.67
46.63327,-92.09408,1091.25,0.05422999999999689,0.03158000000000527,4.0,5.0,759.7
46.48661,-90.6963,1619.85,0.04910999999999888,0.008799999999993702,3.0,3.0,1527.92
46.58411,-88.57597,419.83,0.02161000000000257,0.013469999999998095,1.0,1.0,499.95
47.22854,-88.38539,76.62,0.04104000000000241,0.05210999999999899,0.0,1.0,241.42
46.57502,-85.26955,1909.59,0.012520000000002085,0.04295000000000471,4.0,5.0,1991.25
46.03053,-86.16125,2945.89,0.031970000000001164,0.026250000000004547,1.0,5.0,2943.93
45.94302,-86.7057,473.57,0.005519999999997083,0.01819999999999311,1.0,2.0,545.3
46.4991,-87.88652,115.87,0.061599999999998545,0.050979999999995584,0.0,1.0,334.52
45.75552,-87.20152,1184.37,0.05698000000000292,0.014020000000002142,1.0,8.0,1185.12
45.76357,-88.46318,362.57,0.048929999999998586,0.025679999999994152,2.0,4.0,294.12
45.18997,-88.73344,1205.53,0.0024700000000024147,0.045940000000001646,1.0,5.0,261.12
42.35337,-85.35389,98.04,0.040869999999998186,0.04139000000000692,0.0,1.0,2925.07
43.24976,-84.98113,95.78,0.06226000000000198,0.043629999999993174,0.0,1.0,200.7
43.46418,-86.23257,1048.28,0.026679999999998927,0.0450699999999955,1.0,2.0,1084.45
43.94501,-86.27869,1769.19,0.007510000000003458,0.03381000000000256,3.0,0.0,1884.06
44.43639,-85.69868,2243.63,0.0011099999999970578,0.011179999999995971,2.0,1.0,2402.57
46.18585,-84.59783,548.29,0.001649999999997931,0.03533000000000186,1.0,4.0,657.9
45.27446,-84.60003,487.16,0.038040000000002294,0.03753000000000384,3.0,3.0,459.97
42.80086,-83.09021,64.31,0.011639999999999873,0.027709999999999013,1.0,2.0,110.23
41.5045,-84.42967,1064.0,0.05799999999999983,0.00782999999999845,1.0,1.0,428.08
40.92283,-83.34881,608.07,0.014670000000002403,0.036310000000000286,3.0,3.0,1746.91
41.02228,-83.10964,388.21,0.040219999999997924,0.04713999999999885,2.0,1.0,317.39
41.11367,-83.16825,95.21,0.05116999999999905,0.019249999999999545,1.0,1.0,2538.04
41.927,-80.60397,455.3,0.010500000000000398,0.04147000000000389,3.0,2.0,638.75
41.992,-80.29117,11.65,0.05449999999999733,0.021330000000006066,0.0,0.0,245.66
42.86395,-78.28363,196.47,0.05145000000000266,0.02886999999999773,2.0,1.0,242.7
42.12229,-77.95722,750.88,0.059789999999999566,0.01972000000000662,2.0,1.0,738.38
42.53562,-77.70416,231.84,0.02687999999999846,0.016660000000001673,2.0,2.0,501.26
42.39313,-76.54494,91.9,0.04437000000000069,0.01756000000000313,2.0,1.0,485.01
43.74729,-75.33435,232.45,0.059789999999999566,0.02185000000000059,0.0,1.0,835.61
44.86894,-72.2701,302.19,0.056440000000002044,0.04240000000000066,3.0,2.0,332.44
47.80555,-98.71622,4862.02,0.006950000000003342,0.028720000000006962,4.0,16.0,5037.41
47.22916,-98.12482,1897.33,0.04166000000000025,0.06231999999999971,1.0,6.0,9764.15
47.26663,-96.24478,2407.05,0.045870000000000744,0.05728000000000577,3.0,1.0,428.75
48.34109,-96.81812,600.82,0.028590000000001226,0.005619999999993297,1.0,1.0,581.21
48.13834,-100.53986,1509.83,0.04916000000000054,0.022639999999995553,4.0,4.0,30072.69
48.58889,-100.44208,3206.1,0.026389999999999247,0.004580000000004247,4.0,1.0,2197.71
48.26463,-92.56599,2357.59,0.04787000000000319,0.003489999999999327,7.0,4.0,2472.6
48.39578,-93.54933,4383.51,0.04171999999999798,0.013170000000002346,8.0,1.0,4756.87
45.29163,-96.48756,1046.78,0.020870000000002165,0.05006000000000199,2.0,6.0,3034.32
45.30803,-90.95652,1477.29,0.0044699999999977535,0.019019999999997594,1.0,1.0,1670.48
45.44913,-89.97931,220.44,0.011629999999996699,0.041809999999998126,1.0,3.0,321.69
44.82191,-90.07958,576.3,0.009410000000002583,0.01708000000000709,1.0,3.0,656.61
43.57414,-90.64319,689.33,0.011639999999999873,0.04430999999999585,1.0,1.0,871.62
42.73999,-91.2618,3858.21,0.052489999999998815,0.050700000000006185,2.0,10.0,787.63
42.72027,-90.81929,695.33,0.0327699999999993,0.006789999999995189,0.0,2.0,211305.42
42.7311,-90.64041,370.79,0.04359999999999786,0.04708999999999719,0.0,1.0,1247.67
41.90281,-89.69622,376.35,0.03468999999999767,0.00871999999999673,1.0,1.0,401.32
41.70002,-91.48767,65.38,0.012520000000002085,0.050169999999994275,1.0,1.0,71.15
43.03328,-92.50354,776.76,0.029220000000002244,0.05895999999999901,1.0,3.0,1404.21
41.18698,-90.96737,1151.57,0.0005200000000016303,0.029870000000002506,1.0,1.0,823.8
41.24688,-93.26607,882.73,0.059379999999997324,0.04643000000000086,3.0,5.0,893.87
41.30055,-93.04548,234.21,0.011949999999998795,0.017020000000002256,2.0,3.0,1061.56
41.219,-92.90853,964.76,0.031500000000001194,0.02897000000000105,3.0,3.0,1006.02
40.39241,-91.59788,1027.55,0.04509000000000185,0.03538000000000352,1.0,10.0,37687.74
40.14282,-91.33737,905.56,0.04467999999999961,0.024870000000007053,2.0,1.0,924.65
39.81799,-91.5177,922.83,0.005490000000001771,0.044799999999995066,2.0,6.0,95.6
39.58483,-91.99349,212.64,0.02232999999999663,0.05598999999999421,1.0,3.0,2282.83
39.43143,-91.67627,275.38,0.00607000000000113,0.01122999999999763,2.0,1.0,587.59
39.52046,-91.34275,536.4,0.04204000000000008,0.030249999999995225,3.0,3.0,7252.98
39.0088,-90.97754,2407.41,0.05369999999999919,0.04004000000000474,3.0,7.0,407.13
40.63004,-87.72392,1158.76,0.057459999999998956,0.03642000000000678,3.0,3.0,1411.01
41.36587,-89.49843,505.09,0.05337000000000103,0.06092999999999904,0.0,1.0,1274.03
40.33032,-90.89624,1695.67,0.01782000000000039,0.04125999999999408,1.0,3.0,1709.4
39.5067,-88.52756,96.21,0.05579999999999785,0.034940000000005966,2.0,0.0,1728.81
39.40587,-88.89646,254.12,0.031629999999999825,0.0410399999999953,1.0,1.0,264.49
38.93699,-88.95284,115.25,0.0005099999999984561,0.015339999999994802,1.0,1.0,174.99
38.44172,-89.41675,217.67,0.00421999999999656,0.020750000000006708,2.0,1.0,8392.38
39.14894,-89.35231,145.45,0.03855999999999682,0.03981000000000279,1.0,1.0,149.63
38.25394,-89.03979,236.76,0.058559999999999945,0.02271000000000356,1.0,2.0,255.77
44.65687,-111.06827,1126.25,0.030630000000002156,0.0057699999999982765,3.0,1.0,1190.44
45.49743,-111.27051,2120.42,0.05993000000000137,0.04198999999999842,5.0,2.0,709.17
47.9661,-108.66071,33.41,0.028599999999997294,0.02679000000000542,1.0,0.0,79.36
44.92772,-110.39381,1730.28,0.009779999999999234,0.04368999999999801,4.0,0.0,5734.61
43.34551,-109.41014,227.88,0.03300999999999732,0.027360000000001605,2.0,3.0,244.41
43.1769,-109.20291,484.86,0.010599999999996612,0.01541000000000281,3.0,4.0,523.51
44.50802,-107.40369,58.85,0.054479999999998086,0.03381000000000256,2.0,0.0,156.69
44.20828,-109.55489,793.95,0.02078000000000202,0.007609999999999673,4.0,3.0,846.95
45.00691,-107.61509,471.27,0.05559000000000225,0.05258999999999503,3.0,3.0,617.76
45.12644,-107.60054,217.96,0.06105999999999767,0.03803999999999519,3.0,3.0,351.02
44.02774,-107.08089,61.23,0.03475999999999857,0.018389999999996576,1.0,1.0,82.66
47.78724,-102.76853,191.49,0.025260000000002947,0.04397000000000162,2.0,2.0,256.22
47.23613,-102.76991,529.14,0.04863000000000284,0.042590000000004125,1.0,4.0,576.8
47.02779,-103.05324,402.5,0.03470999999999691,0.009259999999997603,1.0,3.0,404.63
46.42667,-102.55183,1501.05,0.010829999999998563,0.01067000000000462,2.0,7.0,1537.79
46.15417,-102.47405,1441.83,0.033329999999999416,0.03655000000000541,1.0,8.0,1613.79
45.25582,-100.84292,12654.96,0.056680000000000064,0.030420000000006553,4.0,26.0,12576.99
43.87249,-103.33658,151.83,0.0599899999999991,0.02407999999999788,1.0,2.0,269.22
44.13665,-103.85854,20.8,0.05084999999999695,0.046040000000004966,1.0,2.0,94.88
44.01359,-103.83048,205.33,0.04890999999999934,0.017979999999994334,2.0,2.0,308.71
44.48248,-103.86159,427.1,0.04498000000000246,0.04909000000000674,3.0,3.0,427.05
43.96888,-101.76709,649.19,0.03137999999999863,0.04541000000000395,2.0,4.0,1266.73
43.7525,-101.52487,12849.71,0.060000000000002274,0.03762999999999295,11.0,19.0,36.56
43.16667,-101.63015,826.61,0.020829999999996573,0.05734999999999957,3.0,5.0,422.08
42.81099,-98.17586,2101.42,0.001510000000003231,0.011639999999999873,1.0,14.0,668853.0
43.02889,-99.78067,2914.04,0.033610000000003026,0.03182999999999936,2.0,9.0,2930.42
47.55805,-98.86289,2809.1,0.004449999999998511,0.05038999999999305,3.0,11.0,2736.52
46.22524,-98.07177,1071.14,0.03773999999999944,0.009270000000000778,1.0,3.0,2430.9
43.7764,-98.24567,1512.44,0.03609999999999758,0.05817000000000405,3.0,5.0,1764.52
45.1808,-97.18619,175.28,0.006700000000002149,0.001310000000003697,1.0,1.0,373.77
42.32158,-96.48768,450.2,0.009079999999997312,0.05017999999999745,3.0,3.0,791981.06
40.49609,-105.86501,4.03,0.05859000000000236,0.05250999999999806,0.0,1.0,98.04
41.37024,-106.52058,98.7,0.05774000000000257,0.04192000000000462,0.0,0.0,879.65
41.02358,-106.82477,187.66,0.0389199999999974,0.012270000000000891,2.0,1.0,355.71
41.58525,-106.22279,162.99,0.022750000000002046,0.035290000000003374,2.0,2.0,189.1
40.53998,-105.88279,8.9,0.022520000000000095,0.054710000000000036,1.0,0.0,52.89
41.03244,-98.74053,6019.74,0.030059999999998865,0.053030000000006794,2.0,18.0,19007.75
40.89311,-96.68155,113.28,0.04438999999999993,0.0059499999999985675,1.0,1.0,689.86
41.0157,-96.54428,309.75,0.04679999999999751,0.01821999999999946,1.0,3.0,336.65
39.94778,-96.10862,713.83,0.010280000000001621,0.04612000000000194,1.0,4.0,1393.66
39.76985,-100.10078,1536.19,0.04265000000000185,0.038280000000000314,5.0,11.0,1377.93
39.89925,-98.25043,589.43,0.0382499999999979,0.06207000000000562,2.0,4.0,346.51
39.13907,-97.83696,1056.44,0.048430000000003304,0.02446000000000481,2.0,5.0,16401.89
39.03111,-97.04029,776.42,0.031390000000001805,0.022210000000001173,1.0,4.0,832.58
39.10195,-96.59521,11.51,0.039450000000002206,0.032709999999994466,0.0,1.0,131.44
39.68192,-96.44289,1062.87,0.005580000000001917,0.005390000000005557,2.0,2.0,1288.76
39.06265,-96.15025,842.35,0.00014999999999787406,0.03725000000000023,3.0,3.0,968.8
39.23833,-95.8886,385.66,0.05082999999999771,0.048900000000003274,0.0,1.0,429.11
39.11633,-95.01088,1092.72,0.053829999999997824,0.05161999999999978,0.0,4.0,2834.15
40.95189,-93.25985,481.42,0.014389999999998793,0.052649999999999864,1.0,4.0,434.05
38.70225,-92.97883,1414.75,0.014749999999999375,0.04133000000000209,3.0,5.0,1466.68
38.56701,-95.96163,444.6,0.004510000000003345,0.02412999999999954,1.0,3.0,622.24
38.71069,-95.83603,293.06,0.0231899999999996,0.023529999999993834,1.0,3.0,487.39
38.01897,-94.71367,765.78,0.04352999999999696,0.026169999999993365,2.0,5.0,383.52
37.40237,-93.80203,650.69,0.035130000000002326,0.010469999999997981,4.0,2.0,1500.4
37.8342,-93.87549,1069.42,0.021700000000002717,0.06201000000000079,4.0,3.0,1061.97
37.68265,-93.37033,712.59,0.0048499999999975785,0.05782999999999561,4.0,1.0,274.19
37.75047,-93.26618,323.62,0.06203000000000003,0.046319999999994366,3.0,1.0,1135.32
38.38881,-91.81989,8264.9,0.048690000000000566,0.007390000000000896,12.0,9.0,327.25
38.15853,-91.10846,3845.5,0.02897000000000105,0.045959999999993784,6.0,6.0,3957.64
35.98318,-92.74755,2149.36,0.04567999999999728,0.060050000000003934,3.0,7.0,901.6
36.62303,-92.24813,1456.44,0.06052999999999997,0.06063000000000329,0.0,2.0,317.46
35.99535,-92.21265,150.03,0.057850000000001955,0.025149999999996453,0.0,2.0,385.97
37.15408,-91.35816,1053.5,0.03341999999999956,0.045659999999998035,2.0,6.0,3352.34
36.64868,-91.20082,2023.77,0.03882000000000119,0.013319999999993115,1.0,7.0,2032.34
39.17221,-106.38919,60.76,0.015290000000000248,0.04831000000000074,1.0,1.0,77.08
37.87159,-98.87614,1819.94,0.059089999999997644,0.06135999999999342,4.0,8.0,1752.98
37.24955,-97.4039,399.81,0.06204999999999927,0.03360000000000696,0.0,3.0,256.81
36.81503,-98.64814,2544.5,0.0025300000000001432,0.03936000000000206,1.0,7.0,2522.04
37.0392,-98.47021,2291.2,0.023299999999998988,0.032709999999994466,1.0,8.0,2478.38
37.12891,-97.60144,2109.0,0.05859000000000236,0.038939999999996644,1.0,11.0,358.82
37.70821,-96.2236,319.62,0.020710000000001116,0.036100000000004684,1.0,3.0,1384.3
38.19645,-96.82458,275.51,0.008949999999998681,0.012079999999997426,2.0,1.0,289.29
37.28125,-95.03267,510.84,0.03125,0.02983000000000402,1.0,1.0,12676.17
36.25548,-94.43394,38.23,0.0570200000000014,0.0035599999999931242,1.0,1.0,51.21
35.88008,-94.48661,106.35,0.05742000000000047,0.04910999999999888,2.0,1.0,130.79
36.37226,-104.97,159.22,0.05975999999999715,0.03249999999999886,0.0,3.0,287.62
35.43838,-103.52579,5242.75,0.0008800000000022123,0.036709999999999354,1.0,6.0,4956.66
35.2988,-92.40393,445.81,0.013700000000000045,0.033569999999997435,1.0,0.0,755.23
34.8762,-92.77461,119.03,0.0613000000000028,0.03789000000000442,1.0,2.0,2629.55
32.01778,-90.87694,1688.73,0.044719999999998095,0.060559999999995284,4.0,0.0,8633.5
31.50306,-90.7775,479.3,0.059439999999998605,0.03499999999999659,1.0,1.0,739.26
31.22694,-91.29556,466.58,0.03943999999999903,0.016940000000005284,1.0,1.0,569.31
34.35452,-99.74037,828.36,0.042020000000000834,0.05286999999999864,1.0,5.0,19650.71
35.4731,-100.12095,769.67,0.035600000000002296,0.05844999999999345,1.0,6.0,780.02
33.81288,-98.08504,501.62,0.0003799999999998249,0.022540000000006444,3.0,2.0,698.32
34.00426,-97.56697,1488.69,0.05823999999999785,0.0044699999999977535,1.0,4.0,1567.35
34.63844,-94.61272,102.57,0.04905999999999722,0.050219999999995935,1.0,1.0,99.55
34.37955,-94.23576,230.43,0.05794999999999817,0.04825999999999908,1.0,2.0,237.94
32.77792,-94.35742,959.89,0.03457999999999828,0.044920000000004734,1.0,4.0,5403.77
34.38278,-93.60611,342.23,0.05472000000000321,0.04361000000000104,1.0,3.0,230.85
33.37596,-92.77711,996.08,0.061540000000000816,0.035390000000006694,2.0,4.0,443.69
34.79759,-92.93351,69.77,0.014910000000000423,0.003990000000001714,1.0,2.0,130.42
31.53629,-92.40847,131.18,0.026209999999998956,0.029030000000005884,1.0,2.0,167.55
30.61602,-90.24869,249.35,0.0535199999999989,0.0611899999999963,0.0,2.0,377.25
30.5038,-90.67732,651.61,0.05870000000000175,0.010180000000005407,1.0,1.0,675.21
30.99602,-92.67375,1293.69,0.05852000000000146,0.013750000000001705,0.0,5.0,1345.57
30.69875,-92.89319,1305.15,0.011250000000000426,0.04430999999999585,1.0,3.0,1432.62
31.97933,-93.93408,187.61,0.04183000000000092,0.0034200000000055297,0.0,1.0,13267.58
31.30713,-93.51573,383.02,0.005369999999999209,0.04676999999999509,1.0,1.0,484.44
30.81889,-93.78556,333.4,0.006389999999999674,0.02693999999999619,1.0,2.0,363.03
33.55455,-96.94723,100.93,0.007950000000001012,0.00973000000000468,1.0,1.0,369.1
30.71631,-94.95882,364.12,0.028810000000000002,0.021320000000002892,0.0,1.0,541.35
30.48139,-94.77972,383.57,0.043890000000001095,0.032780000000002474,1.0,1.0,44837.39
30.3366,-95.1041,841.06,0.024100000000000676,0.041600000000002524,1.0,4.0,917.63
33.03843,-101.19763,3348.95,0.024070000000001812,0.010130000000003747,2.0,13.0,2189.44
33.32927,-99.46508,276.04,0.016770000000001062,0.027580000000000382,2.0,3.0,512.47
32.7329,-99.14063,1584.82,0.04540000000000077,0.04686999999999841,4.0,3.0,1667.04
32.64846,-99.00451,732.98,0.039039999999999964,0.05799000000000376,4.0,2.0,938.45
31.28489,-97.88502,1177.1,0.027609999999999246,0.05248000000000275,1.0,6.0,1182.29
30.91157,-98.03697,86.0,0.0259299999999989,0.025530000000003383,1.0,2.0,118.59
30.62575,-97.69112,342.62,0.06174999999999997,0.003619999999997958,1.0,5.0,1080.49
30.33938,-96.9047,610.13,0.02687999999999846,0.03279999999999461,1.0,4.0,639.04
30.64352,-99.09588,557.52,0.04398000000000124,0.03337999999999397,3.0,2.0,9295.33
30.29632,-97.92557,232.74,0.01617999999999853,0.011930000000006658,2.0,3.0,97146.77
30.08299,-98.00779,320.34,0.020489999999998787,0.054710000000000036,1.0,2.0,320.01
30.15549,-97.94001,31.79,0.03200999999999965,0.0025100000000009004,1.0,1.0,111.36
28.95998,-96.68637,2124.0,0.02248000000000161,0.001130000000003406,0.0,5.0,2154.5
29.46691,-96.81276,861.54,0.029409999999998604,0.0002599999999972624,1.0,3.0,1027.09
28.89138,-96.81915,253.92,0.046119999999998385,0.006649999999993383,1.0,3.0,358.97
30.0641,-99.38699,435.99,0.0015999999999998238,0.05051000000000272,2.0,3.0,452.61
29.97938,-97.91,1067.47,0.04187999999999903,0.02750000000000341,1.0,7.0,1146.89
29.21525,-97.44943,1421.66,0.02775000000000105,0.011930000000006658,1.0,4.0,1755.48
28.86165,-97.22638,925.44,0.049150000000000915,0.03888000000000602,1.0,5.0,1037.0
29.72384,-99.07004,850.58,0.03633999999999915,0.007540000000005875,1.0,5.0,1092.92
28.29195,-97.27916,1808.29,0.020550000000000068,0.033339999999995484,1.0,6.0,1863.78
29.42857,-99.99729,1961.43,0.008929999999999438,0.05979000000000667,1.0,3.0,478.25
29.47273,-100.23646,1799.09,0.03522999999999854,0.0489599999999939,0.0,4.0,1946.99
27.96501,-98.96697,1220.58,0.02750999999999948,0.029470000000003438,4.0,4.0,1359.26
29.48857,-99.70478,1028.29,0.05106999999999928,0.017279999999999518,0.0,2.0,1148.81
29.50468,-99.78145,326.98,0.05781999999999954,0.03104999999999336,1.0,1.0,289.64
29.31431,-99.48047,624.35,0.001809999999998979,0.042969999999996844,1.0,2.0,949.87
29.56967,-99.24671,249.11,0.007169999999998566,0.0592099999999931,1.0,2.0,347.79
29.37079,-99.28782,434.75,0.05828999999999951,0.024680000000003588,0.0,2.0,630.8
36.54169,-105.5564,96.26,0.02080999999999733,0.006100000000003547,1.0,1.0,144.14
36.43947,-105.50362,163.27,0.0019700000000000273,0.05888000000000204,1.0,0.0,436.7
36.50836,-105.53084,43.77,0.054139999999996746,0.03166000000000224,1.0,0.0,144.14
35.66169,-106.74337,1207.95,0.02580999999999989,0.055869999999998754,1.0,2.0,1281.43
35.77725,-105.65807,139.03,0.03524999999999778,0.029430000000004952,1.0,0.0,377.14
35.65199,-105.3189,198.06,0.03551000000000215,0.006399999999999295,1.0,3.0,242.61
39.76026,-105.9064,15.65,0.05223999999999762,0.03109999999999502,1.0,1.0,72.59
39.80054,-106.02641,22.94,0.011960000000001969,0.03609000000000151,1.0,0.0,264.63
39.79582,-106.03057,72.84,0.016680000000000916,0.03193000000000268,2.0,1.0,264.63
39.59443,-105.97252,23.57,0.03193000000000268,0.03502000000000294,1.0,1.0,201.14
39.62582,-106.27808,37.78,0.06168000000000262,0.03441999999999723,1.0,0.0,177.89
39.59638,-106.26503,32.41,0.03388000000000346,0.04747000000000412,1.0,0.0,77.45
39.64832,-106.32308,16.1,0.03918000000000177,0.010580000000004475,1.0,1.0,177.89
39.64582,-106.38225,15.52,0.041679999999999495,0.05525000000000091,1.0,0.0,471.0
39.23221,-107.22727,432.89,0.044710000000002026,0.0397700000000043,2.0,2.0,554.2
38.86027,-106.5667,331.62,0.04776999999999987,0.004199999999997317,0.0,2.0,673.06
42.09605,-110.41656,398.31,0.03354999999999819,0.020939999999995962,1.0,2.0,458.12
42.11049,-110.70962,333.15,0.047989999999998645,0.022120000000001028,0.0,2.0,572.17
39.92025,-108.47287,81.99,0.0172499999999971,0.035370000000000346,1.0,2.0,345.01
39.87579,-111.03739,195.29,0.06170999999999793,0.025109999999997967,1.0,1.0,191.51
37.4775,-107.54367,188.15,0.03999999999999915,0.01882999999999413,0.0,1.0,676.72
37.84666,-109.36956,21.9,0.03415999999999997,0.057060000000006994,1.0,2.0,450.11
37.75555,-109.47651,10.42,0.0569500000000005,0.03901000000000465,1.0,1.0,35.95
35.28253,-108.55341,184.94,0.02996999999999872,0.009090000000000487,1.0,1.0,306.23
37.33943,-112.60438,192.96,0.02693000000000012,0.041880000000006135,0.0,2.0,280.43
33.06118,-108.53727,4804.93,0.0013199999999997658,0.025229999999993424,2.0,2.0,5152.73
33.16673,-108.64978,190.52,0.020769999999998845,0.03771999999999309,1.0,1.0,224.84
32.95562,-109.53119,781.96,0.018120000000003245,0.031310000000004834,1.0,4.0,1800.1
31.35538,-110.58953,213.38,0.04288000000000025,0.027029999999996335,0.0,2.0,606.22
32.31674,-110.81037,103.65,0.004240000000002908,0.00212999999999397,1.0,1.0,691.14
32.03591,-110.67758,1179.59,0.02658999999999878,0.009919999999993934,4.0,2.0,1225.71
33.82227,-109.81454,128.97,0.009770000000003165,0.0020399999999938245,1.0,1.0,241.03
33.84311,-110.55761,750.86,0.030610000000002913,0.00489000000000317,0.0,2.0,8278.82
33.82783,-110.85623,516.8,0.015329999999998734,0.043729999999996494,1.0,2.0,677.05
34.67474,-111.67209,285.68,0.012760000000000105,0.01541000000000281,1.0,1.0,374.18
34.72863,-111.77571,365.66,0.04113000000000255,0.036789999999996326,0.0,0.0,1071.03
34.53864,-111.69404,614.94,0.023859999999999104,0.0065400000000011005,2.0,1.0,678.52
34.16087,-111.69292,93.0,0.026629999999997267,0.005420000000000869,1.0,1.0,14033.73
33.69421,-111.5418,425.31,0.006709999999998217,0.020700000000005048,1.0,1.0,480.24
33.88726,-111.95404,188.71,0.05024000000000228,0.016540000000006216,1.0,1.0,193.01
33.9742,-112.09905,177.47,0.036700000000003286,0.03655000000000541,1.0,1.0,171.53
41.60994,-111.25409,131.46,0.0474400000000017,0.058409999999994966,1.0,2.0,136.2
40.40523,-112.1005,70.17,0.03226999999999691,0.0379999999999967,1.0,2.0,104.56
39.97939,-112.38023,69.93,0.0418900000000022,0.0572700000000026,1.0,1.0,65.83
40.49633,-112.5744,11.07,0.05883000000000038,0.011899999999997135,0.0,1.0,42.48
37.62276,-112.51688,268.53,0.060259999999999536,0.04561999999999955,1.0,3.0,246.82
38.91191,-111.53047,134.6,0.025590000000001112,0.032030000000006,1.0,1.0,378.93
38.28053,-112.56827,236.42,0.031970000000001164,0.0057699999999982765,2.0,1.0,256.1
37.6722,-113.03467,208.69,0.015300000000003422,0.02782999999999447,2.0,0.0,262.44
39.20154,-114.68916,28.2,0.014040000000001385,0.001660000000001105,1.0,1.0,105.14
38.88743,-117.24537,50.2,0.05006999999999806,0.05786999999999409,2.0,2.0,3440.41
33.80502,-116.55918,43.69,0.007480000000001041,0.00332000000000221,1.0,2.0,1374.05
33.74502,-116.53557,241.51,0.057519999999996685,0.026929999999993015,2.0,1.0,238.76
33.76002,-116.55002,22.46,0.05248000000000275,0.012479999999996494,1.0,1.0,1374.05
33.63114,-116.39223,79.12,0.05635999999999797,0.04527000000000214,2.0,1.0,618.49
34.42083,-117.83951,59.46,0.016669999999997742,0.027010000000004197,1.0,1.0,145.91
39.11324,-119.79824,39.49,0.050739999999997565,0.014259999999993056,0.0,1.0,2209.15
40.69076,-115.477,64.78,0.003259999999997376,0.039500000000003865,1.0,1.0,90.54
41.53462,-117.41791,454.52,0.027880000000003236,0.01958999999999378,1.0,2.0,465.83
39.05185,-120.11852,19.6,0.010649999999998272,0.056020000000003733,1.0,2.0,749.23
39.10741,-120.16214,29.8,0.04491000000000156,0.025360000000006266,1.0,1.0,95.48
39.06658,-119.93546,5.54,0.00408000000000186,0.0020399999999938245,1.0,1.0,83.45
39.43157,-120.23798,27.6,0.005929999999999325,0.0504799999999932,1.0,2.0,268.52
39.35435,-119.85852,19.14,0.04184999999999661,0.04601999999999862,1.0,2.0,322.32
42.79083,-118.8675,528.89,0.0216700000000003,0.05500000000000682,3.0,1.0,432.68
34.22223,-118.17757,41.57,0.03473000000000326,0.009929999999997108,0.0,1.0,104.37
34.59666,-119.90875,191.52,0.03415999999999997,0.028750000000002274,0.0,0.0,1103.94
35.23553,-120.47239,54.01,0.04802999999999713,0.034890000000004306,0.0,2.0,178.86
36.2458,-121.77329,120.61,0.05830000000000268,0.03920999999999708,1.0,0.0,273.63
35.78858,-121.09381,403.45,0.023919999999996833,0.031310000000004834,1.0,4.0,724.5
36.26802,-121.0663,608.23,0.044480000000000075,0.0037999999999982492,2.0,1.0,280.22
37.26078,-122.32886,118.87,0.0517200000000031,0.016360000000005925,2.0,1.0,193.42
37.56132,-121.68384,338.56,0.0011799999999979605,0.003659999999996444,3.0,1.0,433.66
37.60605,-122.02385,24.32,0.04355000000000331,0.03865000000000407,0.0,0.0,1929.53
37.71771,-122.05441,15.06,0.03020999999999674,0.008089999999995712,0.0,1.0,125.0
36.21468,-120.47071,247.44,0.027180000000001314,0.03320999999999685,1.0,3.0,364.23
37.33939,-118.97345,135.53,0.026890000000001635,0.035949999999999704,1.0,1.0,651.35
37.19856,-119.21373,59.82,0.011060000000000514,0.0262299999999982,1.0,1.0,289.21
36.40217,-120.43349,120.44,0.03533000000000186,0.004009999999993852,2.0,2.0,228.81
37.73159,-119.55877,467.98,0.044089999999997076,0.003730000000004452,1.0,1.0,748.88
37.31549,-121.12521,347.75,0.0029899999999969396,0.0622900000000044,2.0,3.0,364.77
37.4866,-121.2091,187.44,0.04910000000000281,0.021600000000006503,1.0,3.0,199.07
37.84187,-120.18491,41.72,0.029370000000000118,0.0025899999999978718,1.0,1.0,205.32
37.96104,-120.6152,37.32,0.023539999999997008,0.05270000000000152,0.0,1.0,2571.18
40.0546,-122.02415,337.63,0.007899999999999352,0.03834999999999411,1.0,0.0,28781.78
40.01405,-121.94832,539.78,0.04845000000000255,0.010819999999995389,1.0,1.0,94.63
39.16545,-122.61999,155.09,0.022050000000000125,0.05749000000000137,1.0,3.0,280.17
39.42822,-123.73779,273.51,0.009279999999996846,0.05029000000000394,1.0,1.0,303.73
39.70627,-123.32529,1925.01,0.018770000000003506,0.012789999999995416,2.0,1.0,3767.12
39.7296,-123.64391,16.79,0.042099999999997806,0.04358999999999469,1.0,0.0,142.09
40.35125,-124.00393,71.85,0.038750000000000284,0.05857000000000312,1.0,1.0,78.56
40.48042,-123.89088,572.38,0.04292000000000229,0.046620000000004325,2.0,0.0,7880.54
40.28431,-123.3353,242.6,0.028190000000002158,0.022800000000003706,2.0,1.0,535.76
41.01096,-124.08173,105.4,0.051540000000002806,0.019229999999993197,1.0,1.0,121.1
41.29929,-124.05118,718.04,0.013210000000000832,0.011319999999997776,6.0,1.0,790.25
41.37763,-123.47756,1943.12,0.05986999999999654,0.040059999999996876,4.0,1.0,538.71
41.11126,-122.70558,382.94,0.04876000000000147,0.018079999999997654,0.0,2.0,759.47
40.64986,-123.4942,1980.08,0.037640000000003226,0.05670000000000641,5.0,2.0,580.72
41.7915,-124.07619,1577.96,0.021000000000000796,0.013689999999996871,3.0,1.0,1707.84
46.37399,-123.74348,142.18,0.061489999999999156,0.05598000000000525,0.0,1.0,430.65
46.65093,-123.65266,337.69,0.03656999999999755,0.03484000000000265,2.0,1.0,627.64
46.61732,-123.27764,294.22,0.054819999999999425,0.034859999999994784,2.0,1.0,296.09
46.6201,-122.94513,404.9,0.05760000000000076,0.007630000000006021,1.0,1.0,171.66
46.7726,-122.59401,103.3,0.03990000000000293,0.03150999999999726,2.0,1.0,184.03
47.00065,-123.49488,769.9,0.06184999999999974,0.05737999999999488,1.0,2.0,697.09
47.53786,-124.31575,1153.44,0.024639999999997997,0.003249999999994202,1.0,1.0,1202.23
47.80675,-124.25103,655.8,0.005749999999999034,0.061469999999999914,1.0,0.0,755.93
47.96008,-124.39299,337.19,0.022579999999997824,0.04451000000000249,1.0,0.0,1269.22
48.01426,-123.13268,405.01,0.04823999999999984,0.05482000000000653,3.0,2.0,529.32
47.68398,-123.01155,171.68,0.003520000000001744,0.05095000000000027,1.0,3.0,252.3
47.51426,-123.32989,146.97,0.04823999999999984,0.017390000000006012,1.0,2.0,158.18
47.38926,-122.69902,15.67,0.04823999999999984,0.011520000000004416,1.0,1.0,84.21
46.75261,-122.08372,350.0,0.059890000000002885,0.021219999999999573,2.0,1.0,217.15
46.90372,-122.03511,240.88,0.03378000000000014,0.027389999999996917,2.0,0.0,247.03
47.13955,-122.09261,205.84,0.04795000000000016,0.03010999999999342,2.0,1.0,1310.98
47.34205,-121.54899,66.56,0.02955000000000041,0.01350999999999658,1.0,1.0,108.86
47.35066,-121.66316,34.72,0.03815999999999775,0.024339999999995143,1.0,1.0,227.41
47.38649,-121.84622,44.85,0.051009999999998,0.033720000000002415,2.0,1.0,256.66
47.48594,-121.64788,401.51,0.04843999999999937,0.03961999999999932,1.0,1.0,631.86
47.4526,-121.71788,165.01,0.015099999999996783,0.030379999999993856,1.0,1.0,631.86
47.53982,-121.909,78.98,0.022680000000001144,0.028499999999993975,2.0,1.0,1205.95
47.71232,-121.78873,102.89,0.024819999999998288,0.02376999999999896,1.0,1.0,183.15
47.70677,-121.60011,14.13,0.019269999999998788,0.03761000000000081,1.0,1.0,106.43
48.26149,-122.04764,683.75,0.051009999999998,0.014859999999998763,2.0,1.0,205.53
48.67263,-121.0729,273.82,0.014870000000001937,0.010400000000004184,2.0,2.0,2938.58
48.65596,-121.23846,69.68,0.03153999999999968,0.05096000000000345,2.0,1.0,3135.87
48.16872,-121.47067,398.44,0.018779999999999575,0.03316999999999837,2.0,1.0,630.92
48.49524,-114.01012,2939.19,0.05774000000000257,0.05237999999999943,5.0,1.0,11429.02
47.82966,-114.69763,50.79,0.017159999999996955,0.010130000000003747,1.0,2.0,616.43
47.4916,-114.02677,19.72,0.05409999999999826,0.03573000000000093,0.0,0.0,195.26
47.32299,-113.97955,32.18,0.010489999999997224,0.04205000000000325,1.0,1.0,65.22
47.19549,-113.85065,150.95,0.007989999999999498,0.03815000000000168,2.0,1.0,154.76
47.14743,-113.97427,17.67,0.04007000000000005,0.03677000000000419,1.0,1.0,381.68
47.26632,-114.40679,60.84,0.046179999999999666,0.030709999999999127,2.0,1.0,22860.41
47.58605,-115.35515,470.23,0.023550000000000182,0.04264999999999475,1.0,4.0,54578.29
47.70611,-115.97917,867.48,0.018610000000002458,0.04166999999999632,1.0,5.0,1479.41
47.27464,-116.18905,2678.97,0.037860000000002,0.0015499999999946112,4.0,2.0,2679.74
48.82292,-120.14592,58.1,0.010420000000003427,0.041579999999996176,1.0,1.0,490.87
48.32958,-120.69177,830.6,0.017079999999999984,0.004270000000005325,2.0,4.0,1017.57
46.97762,-121.1687,205.17,0.04012000000000171,0.018799999999998818,2.0,3.0,525.32
43.85028,-110.51778,404.08,0.037779999999997926,0.044719999999998095,0.0,1.0,2584.49
43.83806,-110.44111,851.8,0.025559999999998695,0.003609999999994784,1.0,1.0,973.72
43.45215,-110.70409,27.9,0.01465000000000316,0.016589999999993665,1.0,1.0,749.2
43.14278,-110.97667,1161.93,0.044719999999998095,0.039169999999998595,6.0,1.0,8993.1
42.16583,-113.98361,133.18,0.0216700000000003,0.04610999999999876,2.0,3.0,1913.45
41.93324,-115.67453,986.13,0.004260000000002151,0.012969999999995707,5.0,2.0,1139.86
44.08528,-115.62222,1163.23,0.022779999999997358,0.05971999999999866,2.0,1.0,1187.4
44.91361,-115.99722,125.57,0.02389000000000152,0.05971999999999866,1.0,1.0,141.57
44.98694,-115.725,853.13,0.04943999999999704,0.037499999999994316,4.0,2.0,1075.71
44.96167,-115.5,561.94,0.024169999999998026,0.0625,4.0,1.0,1035.6
45.61987,-117.72659,618.93,0.05736999999999881,0.03909000000000162,4.0,1.0,2366.97
46.15083,-115.58722,3053.42,0.03667000000000087,0.024720000000002074,1.0,2.0,4952.34
46.08639,-115.97667,3027.0,0.02389000000000152,0.039169999999998595,4.0,5.0,3064.24
46.84047,-115.6207,3354.62,0.02797000000000338,0.05819999999999936,4.0,2.0,3331.12
45.71958,-118.32329,341.43,0.03208000000000055,0.010790000000000077,1.0,1.0,667.55
44.75039,-121.6334,57.48,0.062109999999997,0.054100000000005366,1.0,2.0,88.93
44.95873,-121.39423,374.62,0.021230000000002747,0.0432700000000068,1.0,2.0,649.59
45.39956,-122.13731,674.24,0.037939999999998975,0.05019000000000062,3.0,0.0,1139.55
45.45262,-121.89147,21.29,0.015120000000003131,0.04603000000000179,1.0,1.0,84.42
45.48012,-122.02564,14.02,0.042619999999999436,0.036860000000004334,0.0,0.0,702.86
45.49429,-122.03592,21.68,0.05678999999999945,0.026579999999995607,0.0,0.0,702.86
45.44456,-122.10953,40.7,0.007060000000002731,0.04703000000000657,1.0,1.0,702.86
45.4154,-122.17148,59.87,0.022100000000001785,0.01601999999999748,1.0,0.0,1139.55
43.73596,-122.8734,546.81,0.048459999999998615,0.06090000000000373,2.0,1.0,544.16
44.36095,-121.99562,237.08,0.04845000000000255,0.05812000000000239,0.0,2.0,222.58
44.33457,-122.04701,40.57,0.022069999999999368,0.015489999999999782,0.0,1.0,562.9
44.04984,-123.42621,226.52,0.012659999999996785,0.011290000000002465,1.0,2.0,265.75
44.79151,-122.57897,286.85,0.02098999999999762,0.01646999999999821,1.0,1.0,1742.73
44.39179,-122.49758,458.18,0.045709999999999695,0.060079999999999245,2.0,1.0,773.22
44.54012,-122.43591,258.2,0.02237999999999829,0.001589999999993097,1.0,1.0,229.94
44.37235,-122.62314,134.75,0.059849999999997294,0.060640000000006467,1.0,1.0,166.64
46.07567,-121.9987,349.52,0.013170000000002346,0.06119999999999948,0.0,3.0,585.34
45.83678,-122.46621,323.89,0.024279999999997415,0.028710000000003788,1.0,1.0,332.8
46.59538,-122.45956,360.99,0.03287999999999869,0.022059999999996194,1.0,1.0,3016.72
45.704,-123.7554,1743.54,0.016500000000000625,0.05710000000000548,1.0,1.0,1916.75
45.32428,-123.5465,8.06,0.011780000000001678,0.016000000000005343,1.0,1.0,166.13
44.71512,-123.88733,526.33,0.027619999999998868,0.050169999999994275,1.0,0.0,558.65
44.2479,-123.63649,14.73,0.06040000000000134,0.05101000000000511,0.0,0.0,137.91
42.82318,-123.12589,167.76,0.010680000000000689,0.06161000000000172,1.0,0.0,280.97
42.804,-123.61091,224.92,0.008499999999997954,0.04841000000000406,1.0,3.0,747.14
43.34984,-122.72894,587.9,0.03734000000000037,0.04143999999999437,0.0,2.0,2087.47
42.8915,-124.07065,443.07,0.045999999999999375,0.008150000000000546,3.0,1.0,534.7
42.15401,-123.07532,41.42,0.033490000000000464,0.012820000000004939,1.0,2.0,1224.02
42.12344,-124.18731,702.63,0.060940000000002215,0.00019000000000346517,0.0,1.0,896.69
